date,spread_level,vix
2019-01-03,4.64,3.2367157429965316
2019-01-04,4.64,3.062455905596899
2019-01-07,4.64,3.0633909220278057
2019-01-08,4.64,3.018960399673198
2019-01-09,4.64,2.9947317732204075
2019-01-10,4.64,2.970414465569701
2019-01-11,4.64,2.900871992530031
2019-01-14,4.64,2.9481164196123277
2019-01-15,4.64,2.9231615807191558
2019-01-16,4.64,2.9465420293632194
2019-01-17,4.64,2.8936995479888394
2019-01-18,4.64,2.8791984572980396
2019-01-21,4.64,2.8791984572980396
2019-01-22,4.64,3.0349529867072724
2019-01-23,4.64,2.9714395809849465
2019-01-24,4.64,2.9386326815134183
2019-01-25,4.64,2.857618971424357
2019-01-28,4.64,2.9375733593804587
2019-01-29,4.64,2.9512577834521614
2019-01-30,4.64,2.8713021951758138
2019-01-31,4.64,2.8075938314384716
2019-02-01,4.64,2.7813006628418027
2019-02-04,4.64,2.7555697170701863
2019-02-05,4.64,2.745345985845907
2019-02-06,4.64,2.733067964077498
2019-02-07,4.64,2.7954503913830435
2019-02-08,4.64,2.7549337870010606
2019-02-11,4.64,2.770711962226921
2019-02-12,4.64,2.7363136663750693
2019-02-13,4.64,2.750470916986162
2019-02-14,4.64,2.7862450486872667
2019-02-15,4.64,2.702032128776647
2019-02-18,4.64,2.702032128776647
2019-02-19,4.64,2.700018029404946
2019-02-20,4.64,2.640484881606444
2019-02-21,4.64,2.671386216730619
2019-02-22,4.64,2.6034301519721073
2019-02-25,4.64,2.6979998652487085
2019-02-26,4.64,2.719319793360441
2019-02-27,4.64,2.6878474937846906
2019-02-28,4.64,2.6932749155200555
2019-03-01,4.64,2.6078614738467776
2019-03-04,4.64,2.683074215032033
2019-03-05,4.64,2.6905648867611904
2019-03-06,4.64,2.756205242989257
2019-03-07,4.64,2.808800104202353
2019-03-08,4.64,2.775708849576025
2019-03-11,4.64,2.6623552418400807
2019-03-12,4.64,2.6224923127405635
2019-03-13,4.64,2.596000697293587
2019-03-14,4.64,2.6026896854443837
2019-03-15,4.64,2.5556757206762075
2019-03-18,4.64,2.5726122302071057
2019-03-19,4.64,2.6071242825122494
2019-03-20,4.64,2.6326080059353516
2019-03-21,4.64,2.612273245708441
2019-03-22,4.64,2.8021475244813256
2019-03-25,4.64,2.7930039069823738
2019-03-26,4.64,2.6864860231863696
2019-03-27,4.64,2.7180005319553784
2019-03-28,4.64,2.6693093727857793
2019-03-29,4.64,2.6181254935742233
2019-04-01,4.64,2.5952547069568657
2019-04-02,4.64,2.5922651681085
2019-04-03,4.64,2.620311286794203
2019-04-04,4.64,2.60859812213055
2019-04-05,4.64,2.551006451492524
2019-04-08,4.64,2.578700529074361
2019-04-09,4.64,2.658859956911438
2019-04-10,4.64,2.5877640352277083
2019-04-11,4.64,2.5664866367804233
2019-04-12,4.64,2.485739636091892
2019-04-15,4.64,2.511223958105374
2019-04-16,4.64,2.4997952622817508
2019-04-17,4.64,2.533696813957432
2019-04-18,4.64,2.492378664626701
2019-04-19,4.64,2.492378664626701
2019-04-22,4.64,2.519308076505333
2019-04-23,4.64,2.5079719227189963
2019-04-24,4.64,2.5756610130564646
2019-04-25,4.64,2.583997552432231
2019-04-26,4.64,2.543961412569315
2019-04-29,4.64,2.5733752977756086
2019-04-30,4.64,2.574137783515943
2019-05-01,4.64,2.6946271807700692
2019-05-02,4.64,2.668616131856803
2019-05-03,4.64,2.554899021608035
2019-05-06,4.64,2.73696154459663
2019-05-07,4.64,2.961140828784372
2019-05-08,4.64,2.9652730660692823
2019-05-09,4.64,2.9496883350525844
2019-05-10,4.64,2.7750856024383683
2019-05-13,4.64,3.022860940942244
2019-05-14,4.64,2.8936995479888394
2019-05-15,4.64,2.799717389628034
2019-05-16,4.64,2.727199019940971
2019-05-17,4.64,2.7700855920216627
2019-05-20,4.64,2.7917784166329223
2019-05-21,4.64,2.7047112998366956
2019-05-22,4.64,2.691243082785829
2019-05-23,4.64,2.8284963541780774
2019-05-24,4.64,2.7631695003232895
2019-05-27,4.64,2.7631695003232895
2019-05-28,4.64,2.8622008809294686
2019-05-29,4.64,2.884800712846709
2019-05-30,4.64,2.8507065015037334
2019-05-31,4.64,2.9290581402859983
2019-06-03,4.64,2.937043277205311
2019-06-04,4.64,2.831447079246135
2019-06-05,4.64,2.7781979610042917
2019-06-06,4.64,2.768204123921957
2019-06-07,4.64,2.791165107812717
2019-06-10,4.64,2.768831673362069
2019-06-11,4.64,2.771963526845863
2019-06-12,4.64,2.7669478423496954
2019-06-13,4.64,2.761274962339508
2019-06-14,4.64,2.7265447837383743
2019-06-17,4.64,2.731115474033206
2019-06-18,4.64,2.7180005319553784
2019-06-19,4.64,2.6623552418400807
2019-06-20,4.64,2.691243082785829
2019-06-21,4.64,2.7343675094195836
2019-06-24,4.64,2.725235025856311
2019-06-25,4.64,2.7899373605743945
2019-06-26,4.64,2.785628335747585
2019-06-27,4.64,2.761274962339508
2019-06-28,4.64,2.71336936257981
2019-07-01,4.64,2.643333886382519
2019-07-02,4.64,2.559550192783766
2019-07-03,4.64,2.531313022602156
2019-07-04,4.64,2.531313022602156
2019-07-05,4.64,2.5862591440482876
2019-07-08,4.64,2.6361960973342264
2019-07-09,4.64,2.645465325910589
2019-07-10,4.64,2.567254391136754
2019-07-11,4.64,2.559550192783766
2019-07-12,4.64,2.516889695641051
2019-07-15,4.64,2.5400259490090797
2019-07-16,4.64,2.554121718809473
2019-07-17,4.64,2.6369121732688705
2019-07-18,4.64,2.604909442182697
2019-07-19,4.64,2.670694414558441
2019-07-22,4.64,2.604909442182697
2019-07-23,4.64,2.534490149976828
2019-07-24,4.64,2.4907230351094403
2019-07-25,4.64,2.5447466501440172
2019-07-26,4.64,2.498151876538021
2019-07-29,4.64,2.551786178627545
2019-07-30,4.64,2.6347624053323777
2019-07-31,4.64,2.7800607370784824
2019-08-01,4.64,2.8831233291713367
2019-08-02,4.64,2.8684669225081145
2019-08-05,4.64,3.202339856228101
2019-08-06,4.64,3.0041963519661206
2019-08-07,4.64,2.9699015135194693
2019-08-08,4.64,2.827905162910489
2019-08-09,4.64,2.8887037007954675
2019-08-12,4.64,3.0487989944906833
2019-08-13,4.64,2.8633430855082453
2019-08-14,4.64,3.095577608523707
2019-08-15,4.64,3.0530573401732606
2019-08-16,4.64,2.9161477942111484
2019-08-19,4.64,2.826129489167811
2019-08-20,4.64,2.8622008809294686
2019-08-21,4.64,2.760009940032921
2019-08-22,4.64,2.8142103969306005
2019-08-23,4.64,2.9892110565637253
2019-08-26,4.64,2.961140828784372
2019-08-27,4.64,3.011113375592293
2019-08-28,4.64,2.962692419475791
2019-08-29,4.64,2.883682769745368
2019-08-30,4.64,2.9433857931817817
2019-09-02,4.64,2.9433857931817817
2019-09-03,4.64,2.9785861147190205
2019-09-04,4.64,2.8524391037275145
2019-09-05,4.64,2.7893229212309465
2019-09-06,4.64,2.70805020110221
2019-09-09,4.64,2.725890119230541
2019-09-10,4.64,2.7212954278522306
2019-09-11,4.64,2.681706225762608
2019-09-12,4.64,2.6546494243750947
2019-09-13,4.64,2.620311286794203
2019-09-16,4.64,2.6858045921548905
2019-09-17,4.64,2.67000213346468
2019-09-18,4.64,2.6354795082673745
2019-09-19,4.64,2.642622395779755
2019-09-20,4.64,2.729159164312445
2019-09-23,4.64,2.702032128776647
2019-09-24,4.64,2.8361502037295256
2019-09-25,4.64,2.7700855920216627
2019-09-26,4.64,2.776954179749421
2019-09-27,4.64,2.8460714989995846
2019-09-30,4.64,2.787477334733532
2019-10-01,4.64,2.9210087273580543
2019-10-02,4.64,3.0233474405869645
2019-10-03,4.64,2.9507349076232554
2019-10-04,4.64,2.8355635214011694
2019-10-07,4.64,2.882563575448353
2019-10-08,4.64,3.0096351787229825
2019-10-09,4.64,2.925309809257445
2019-10-10,4.64,2.866192902199006
2019-10-11,4.64,2.7459880404426023
2019-10-14,4.64,2.6789646202071133
2019-10-15,4.64,2.605648267484129
2019-10-16,4.64,2.615934912194404
2019-10-17,4.64,2.6239436918052106
2019-10-18,4.64,2.6567569067146595
2019-10-21,4.64,2.6390573296152584
2019-10-22,4.64,2.671386216730619
2019-10-23,4.64,2.6397713603489157
2019-10-24,4.64,2.6181254935742233
2019-10-25,4.64,2.5376572151735295
2019-10-28,4.64,2.5733752977756086
2019-10-29,4.64,2.580216829592325
2019-10-30,4.64,2.512035317176253
2019-10-31,4.64,2.5817308344235403
2019-11-01,4.64,2.509599262378372
2019-11-04,4.64,2.551786178627545
2019-11-05,4.64,2.5726122302071057
2019-11-06,4.64,2.5352828571130672
2019-11-07,4.64,2.543961412569315
2019-11-08,4.64,2.4907230351094403
2019-11-11,4.64,2.540814281726296
2019-11-12,4.64,2.5400259490090797
2019-11-13,4.64,2.5649493574615367
2019-11-14,4.64,2.5687881337687024
2019-11-15,4.64,2.489064659936664
2019-11-18,4.64,2.522523513359307
2019-11-19,4.64,2.554121718809473
2019-11-20,4.64,2.5478814489493886
2019-11-21,4.64,2.574899688314705
2019-11-22,4.64,2.5128460184772416
2019-11-25,4.64,2.4740142086215764
2019-11-26,4.64,2.4458192610799534
2019-11-27,4.64,2.463853240590168
2019-11-28,4.64,2.463853240590168
2019-11-29,4.64,2.5352828571130672
2019-12-02,4.64,2.702032128776647
2019-12-03,4.64,2.7700855920216627
2019-12-04,4.64,2.6946271807700692
2019-12-05,4.64,2.67552700939665
2019-12-06,4.64,2.611539300721366
2019-12-09,4.64,2.7638002162067017
2019-12-10,4.64,2.7523860149222616
2019-12-11,4.64,2.7073833121145063
2019-12-12,4.64,2.6347624053323777
2019-12-13,4.64,2.5360749363624
2019-12-16,4.64,2.4965057856313524
2019-12-17,4.64,2.5087859235779435
2019-12-18,4.64,2.5321082512722946
2019-12-19,4.64,2.5257286443082556
2019-12-20,4.64,2.5265283244788197
2019-12-23,4.64,2.534490149976828
2019-12-24,4.64,2.5392369943330477
2019-12-25,4.64,2.5392369943330477
2019-12-26,4.64,2.5376572151735295
2019-12-27,4.64,2.5974910105351463
2019-12-30,4.64,2.695977619867941
2019-12-31,4.64,2.6232182655855123
2020-01-01,4.64,2.6232182655855123
2020-01-02,4.64,2.523325759691945
2020-01-03,4.64,2.640484881606444
2020-01-06,4.64,2.6282852326333477
2020-01-07,4.64,2.6239436918052106
2020-01-08,4.64,2.598979106047848
2020-01-09,4.64,2.5289235352047745
2020-01-10,4.64,2.5305171610400525
2020-01-13,4.64,2.511223958105374
2020-01-14,4.64,2.516889695641051
2020-01-15,4.64,2.519308076505333
2020-01-16,4.64,2.511223958105374
2020-01-17,4.64,2.4932054526026954
2020-01-20,4.64,2.4932054526026954
2020-01-21,4.64,2.553343811341229
2020-01-22,4.64,2.558002204858551
2020-01-23,4.64,2.563409711275944
2020-01-24,4.64,2.67827804276854
2020-01-27,4.64,2.9030685886905716
2020-01-28,4.64,2.7899373605743945
2020-01-29,4.64,2.7966713927557385
2020-01-30,4.64,2.740194654428777
2020-01-31,4.64,2.935982269148217
2020-02-03,4.64,2.8887037007954675
2020-02-04,4.64,2.775708849576025
2020-02-05,4.64,2.7180005319553784
2020-02-06,4.64,2.7053799725463312
2020-02-07,4.64,2.738902664584975
2020-02-10,4.64,2.7107133185216936
2020-02-11,4.64,2.719978771967484
2020-02-12,4.64,2.620311286794203
2020-02-13,4.64,2.649714624089247
2020-02-14,4.64,2.615934912194404
2020-02-17,4.64,2.615934912194404
2020-02-18,4.64,2.696652156149841
2020-02-19,4.64,2.6658383522929006
2020-02-20,4.64,2.7447035187502458
2020-02-21,4.64,2.837908188360424
2020-02-24,4.64,3.2200751054436827
2020-02-25,4.64,3.326832966373293
2020-02-26,4.64,3.3163654461454577
2020-02-27,4.64,3.6676558176623097
2020-02-28,4.64,3.6916256797819615
2020-03-02,4.64,3.509154523167248
2020-03-03,4.64,3.6060411758049318
2020-03-04,4.64,3.4654233539614268
2020-03-05,4.64,3.6793340412704048
2020-03-06,4.64,3.7362400254737738
2020-03-09,4.64,3.9974664872456134
2020-03-10,4.64,3.856510295497887
2020-03-11,4.64,3.9871304779149512
2020-03-12,4.64,4.323735226296777
2020-03-13,4.64,4.057507672170127
2020-03-16,4.64,4.415098675734075
2020-03-17,4.64,4.3295484280286765
2020-03-18,4.64,4.336636932375072
2020-03-19,4.64,4.276666119016055
2020-03-20,4.64,4.190260619051927
2020-03-23,4.64,4.120499519698952
2020-03-24,4.64,4.1217975890034015
2020-03-25,4.64,4.158101528024852
2020-03-26,4.64,4.110873864173311
2020-03-27,4.64,4.182660643270669
2020-03-30,4.64,4.0444537926086355
2020-03-31,4.64,3.9804290380922063
2020-04-01,4.64,4.044103345785354
2020-04-02,4.64,3.9300593679142444
2020-04-03,4.64,3.845883202923601
2020-04-06,4.64,3.81198165124792
2020-04-07,4.64,3.8437441646748516
2020-04-08,4.64,3.769306703226551
2020-04-09,4.64,3.7297814454343623
2020-04-10,4.64,3.7297814454343623
2020-04-13,4.64,3.7177098357818132
2020-04-14,4.64,3.6312503412773
2020-04-15,4.64,3.7096619932964647
2020-04-16,4.64,3.6916256797819615
2020-04-17,4.64,3.641525757730466
2020-04-20,4.64,3.780318514430718
2020-04-21,4.64,3.8157323451098595
2020-04-22,4.64,3.7371933143924867
2020-04-23,4.64,3.722797672317397
2020-04-24,4.64,3.581572601125427
2020-04-27,4.64,3.5052570515869337
2020-04-28,4.64,3.5136328109919437
2020-04-29,4.64,3.441379171294987
2020-04-30,4.64,3.530762586016799
2020-05-01,4.64,3.6160399079369787
2020-05-04,4.64,3.5826852577075323
2020-05-05,4.64,3.5148236417370144
2020-05-06,4.64,3.5298837226234783
2020-05-07,4.64,3.448080967561006
2020-05-08,4.64,3.331489969237335
2020-05-11,4.64,3.3167282250357055
2020-05-12,4.64,3.497718948652777
2020-05-13,4.64,3.5633162311385904
2020-05-14,4.64,3.484618989801228
2020-05-15,4.64,3.4622924810219664
2020-05-18,4.64,3.3775875160230218
2020-05-19,4.64,3.4187098067467865
2020-05-20,4.64,3.331847303527362
2020-05-21,4.64,3.3854066957558313
2020-05-22,4.64,3.3379025312898416
2020-05-25,4.64,3.3379025312898416
2020-05-26,4.64,3.332561589272017
2020-05-27,4.64,3.318540147981146
2020-05-28,4.64,3.3530570063342204
2020-05-29,4.64,3.3145495749364833
2020-06-01,4.64,3.340385242265398
2020-06-02,4.64,3.289893312103481
2020-06-03,4.64,3.2449333591874905
2020-06-04,4.64,3.2507620137305224
2020-06-05,4.64,3.1994891110680106
2020-06-08,4.64,3.2507620137305224
2020-06-09,4.64,3.3167282250357055
2020-06-10,4.64,3.3167282250357055
2020-06-11,4.64,3.708436953329467
2020-06-12,4.64,3.586015818654697
2020-06-15,4.64,3.5380565643793527
2020-06-16,4.64,3.516607233172983
2020-06-17,4.64,3.510649515223235
2020-06-18,4.64,3.494687724749494
2020-06-19,4.64,3.558770768766916
2020-06-22,4.64,3.4585224482814247
2020-06-23,4.64,3.445852022202587
2020-06-24,4.64,3.521643534738023
2020-06-25,4.64,3.472587377748828
2020-06-26,4.64,3.5476038667559826
2020-06-29,4.64,3.45883716110857
2020-06-30,4.64,3.4154289639088797
2020-07-01,4.64,3.3541057741283047
2020-07-02,4.64,3.3207101307494686
2020-07-03,4.64,3.3207101307494686
2020-07-06,4.64,3.330059353828816
2020-07-07,4.64,3.382014562245381
2020-07-08,4.64,3.3350575791576103
2020-07-09,4.64,3.3762213955919784
2020-07-10,4.64,3.306520334720247
2020-07-13,4.64,3.4716558453107167
2020-07-14,4.64,3.385067999732272
2020-07-15,4.64,3.3235961356386037
2020-07-16,4.64,3.332204510175204
2020-07-17,4.64,3.2457124788217606
2020-07-20,4.64,3.1970391302590264
2020-07-21,4.64,3.212455257065278
2020-07-22,4.64,3.1912990570979662
2020-07-23,4.64,3.261168737058452
2020-07-24,4.64,3.2519236789144013
2020-07-27,4.64,3.208421366964342
2020-07-28,4.64,3.2363227384719213
2020-07-29,4.64,3.1822118404966093
2020-07-30,4.64,3.2092294478163956
2020-07-31,4.64,3.1970391302590264
2020-08-03,4.64,3.1896529661912973
2020-08-04,4.64,3.168003494494444
2020-08-05,4.64,3.1350593387750902
2020-08-06,4.64,3.120159851929043
2020-08-07,4.64,3.100542637906336
2020-08-10,4.64,3.0969341540629585
2020-08-11,4.64,3.1793030497483774
2020-08-12,4.64,3.1036894150590832
2020-08-13,4.64,3.0969341540629585
2020-08-14,4.64,3.093312601892855
2020-08-17,4.64,3.0610517396746335
2020-08-18,4.64,3.068517943279639
2020-08-19,4.64,3.11529150861163
2020-08-20,4.64,3.1232455938529506
2020-08-21,4.64,3.11529150861163
2020-08-24,4.64,3.107720775502038
2020-08-25,4.64,3.092405160814252
2020-08-26,4.64,3.1471649773142003
2020-08-27,4.64,3.19744787745458
2020-08-28,4.64,3.133753571451366
2020-08-31,4.64,3.273742726309041
2020-09-01,4.64,3.2627013044082305
2020-09-02,4.64,3.279782759771722
2020-09-03,4.64,3.5145260669691587
2020-09-04,4.64,3.4258899942525267
2020-09-07,4.64,3.4258899942525267
2020-09-08,4.64,3.4487168976301317
2020-09-09,4.64,3.360722549096437
2020-09-10,4.64,3.391483689474516
2020-09-11,4.64,3.2910104226273997
2020-09-14,4.64,3.2523106009544382
2020-09-15,4.64,3.2422016501716975
2020-09-16,4.64,3.2596338173403683
2020-09-17,4.64,3.2756341586868096
2020-09-18,4.64,3.251536607107749
2020-09-21,4.64,3.3243163373261977
2020-09-22,4.64,3.2906381910950917
2020-09-23,4.64,3.3527071725017215
2020-09-24,4.64,3.3502549029245805
2020-09-25,4.64,3.2726061472891685
2020-09-28,4.64,3.2653776585196206
2020-09-29,4.64,3.2684276036974484
2020-09-30,4.64,3.2722270003651954
2020-10-01,4.64,3.2846635654062037
2020-10-02,4.64,3.318902138935325
2020-10-05,4.64,3.3307749173656096
2020-10-06,4.64,3.383712067321136
2020-10-07,4.64,3.3343450746743146
2020-10-08,4.64,3.2718477096343066
2020-10-09,4.64,3.2188758248682006
2020-10-12,4.64,3.221671912170202
2020-10-13,4.64,3.2607852279454104
2020-10-14,4.64,3.2733640101522705
2020-10-15,4.64,3.2947251371516386
2020-10-16,4.64,3.3109079103146946
2020-10-19,4.64,3.3734835430946397
2020-10-20,4.64,3.3792925462741055
2020-10-21,4.64,3.3551534431607486
2020-10-22,4.64,3.3361253849184407
2020-10-23,4.64,3.3160025355989236
2020-10-26,4.64,3.480008562086445
2020-10-27,4.64,3.507057772361633
2020-10-28,4.64,3.6958550678503617
2020-10-29,4.64,3.6267380575760866
2020-10-30,4.64,3.6381123370602833
2020-11-02,4.64,3.6144252681889886
2020-11-03,4.64,3.5709401562492498
2020-11-04,4.64,3.3867603338643857
2020-11-05,4.64,3.3170908723651555
2020-11-06,4.64,3.213260086082565
2020-11-09,4.64,3.248434627109745
2020-11-10,4.64,3.2108436531709366
2020-11-11,4.64,3.1548704948922883
2020-11-12,4.64,3.232778730037192
2020-11-13,4.64,3.139832617527748
2020-11-16,4.64,3.1112906141882632
2020-11-17,4.64,3.122805356117467
2020-11-18,4.64,3.171364842197149
2020-11-19,4.64,3.1402654242862895
2020-11-20,4.64,3.1654750481410856
2020-11-23,4.64,3.12060125559986
2020-11-24,4.64,3.074543453978281
2020-11-25,4.64,3.056356895370426
2020-11-26,4.64,3.056356895370426
2020-11-27,4.64,3.0368742168851663
2020-11-30,4.64,3.0238337036648657
2020-12-01,4.64,3.033509637888021
2020-12-02,4.64,3.0525850851467737
2020-12-03,4.64,3.0577676644734435
2020-12-04,4.64,3.0344721018699214
2020-12-07,4.64,3.0587070727153796
2020-12-08,4.64,3.0291670496402285
2020-12-09,4.64,3.1032404812692764
2020-12-10,4.64,3.1144038032714896
2020-12-11,4.64,3.1488824530476656
2020-12-14,4.64,3.20761263258949
2020-12-15,4.64,3.1307001339644756
2020-12-16,4.64,3.1135153092103742
2020-12-17,4.64,3.0878555624297968
2020-12-18,4.64,3.071303460401065
2020-12-21,4.64,3.22525543183224
2020-12-22,4.64,3.1875915348284343
2020-12-23,4.64,3.1488824530476656
2020-12-24,4.64,3.0694473113762717
2020-12-25,4.64,3.0694473113762717
2020-12-28,4.64,3.077312260546414
2020-12-29,4.64,3.138966441639899
2020-12-30,4.64,3.125443880075648
2020-12-31,4.64,3.1245651453969594
2021-01-01,4.64,3.1245651453969594
2021-01-04,4.64,3.2947251371516386
2021-01-05,4.64,3.232384174892993
2021-01-06,4.64,3.221671912170202
2021-01-07,4.64,3.107720775502038
2021-01-08,4.64,3.070839746040796
2021-01-11,4.64,3.1813816204406202
2021-01-12,4.64,3.1497400860333387
2021-01-13,4.64,3.100542637906336
2021-01-14,4.64,3.1463051320333655
2021-01-15,4.64,3.1921210875593813
2021-01-18,4.64,3.1921210875593813
2021-01-19,4.64,3.1458749319837103
2021-01-20,4.64,3.0717669598299886
2021-01-21,4.64,3.0596455992976437
2021-01-22,4.64,3.086943153607375
2021-01-25,4.64,3.1437211512674406
2021-01-26,4.64,3.1363634032937364
2021-01-27,4.64,3.6165775423585313
2021-01-28,4.64,3.4081729953985804
2021-01-29,4.64,3.499231121933521
2021-02-01,4.64,3.4091655513113324
2021-02-02,4.64,3.241028629509334
2021-02-03,4.64,3.1315734964654043
2021-02-04,4.64,3.080532875246456
2021-02-05,4.64,3.038312721089109
2021-02-08,4.64,3.055886196373738
2021-02-09,4.64,3.0740812399649675
2021-02-10,4.64,3.09058780456667
2021-02-11,4.64,3.056356895370426
2021-02-12,4.64,2.994231147427724
2021-02-15,4.64,2.994231147427724
2021-02-16,4.64,3.0661907372025525
2021-02-17,4.64,3.068052935133617
2021-02-18,4.64,3.1130707659712242
2021-02-19,4.64,3.093312601892855
2021-02-22,4.64,3.1548704948922883
2021-02-23,4.64,3.1402654242862895
2021-02-24,4.64,3.060583245873607
2021-02-25,4.64,3.363495514478144
2021-02-26,4.64,3.3304171996011083
2021-03-01,4.64,3.150596984114906
2021-03-02,4.64,3.1822118404966093
2021-03-03,4.64,3.283539338193923
2021-03-04,4.64,3.3523572162426816
2021-03-05,4.64,3.2051824977361982
2021-03-08,4.64,3.2375012889913655
2021-03-09,4.64,3.1793030497483774
2021-03-10,4.64,3.1161784266298582
2021-03-11,4.64,3.086943153607375
2021-03-12,4.64,3.029650491757452
2021-03-15,4.64,2.997231149677727
2021-03-16,4.64,2.9851767596144745
2021-03-17,4.64,2.9564715596006885
2021-03-18,4.64,3.0717669598299886
2021-03-19,4.64,3.0421386463681466
2021-03-22,4.64,2.9381031607173544
2021-03-23,4.64,3.0106208860477417
2021-03-24,4.64,3.054001181677967
2021-03-25,4.64,2.9861868607104594
2021-03-26,4.64,2.937043277205311
2021-03-29,4.64,3.032064202801381
2021-03-30,4.64,2.976039640208255
2021-03-31,4.64,2.9652730660692823
2021-04-01,4.64,2.8524391037275145
2021-04-02,4.64,2.8524391037275145
2021-04-05,4.64,2.8853592160726205
2021-04-06,4.64,2.8970163006148333
2021-04-07,4.64,2.8425810940598164
2021-04-08,4.64,2.830267833826459
2021-04-09,4.64,2.8148097376737438
2021-04-12,4.64,2.827905162910489
2021-04-13,4.64,2.8124102164264526
2021-04-14,4.64,2.8326249356838407
2021-04-15,4.64,2.8075938314384716
2021-04-16,4.64,2.7880929087757464
2021-04-19,4.64,2.850128299695199
2021-04-20,4.64,2.9274534328006965
2021-04-21,4.64,2.8622008809294686
2021-04-22,4.64,2.9290581402859983
2021-04-23,4.64,2.8524391037275145
2021-04-26,4.64,2.8701690505786455
2021-04-27,4.64,2.8656235882069705
2021-04-28,4.64,2.8495497633759097
2021-04-29,4.64,2.8684669225081145
2021-04-30,4.64,2.9236990706541595
2021-05-03,4.64,2.907447358686419
2021-05-04,4.64,2.969388298214389
2021-05-05,4.64,2.952302715626655
2021-05-06,4.64,2.91180703861623
2021-05-07,4.64,2.8148097376737438
2021-05-10,4.64,2.9785861147190205
2021-05-11,4.64,3.083743150876704
2021-05-12,4.64,3.3174533882291946
2021-05-13,4.64,3.141130476243348
2021-05-14,4.64,2.934388643312939
2021-05-17,4.64,2.9816333491744893
2021-05-18,4.64,3.060583245873607
2021-05-19,4.64,3.099190981922221
2021-05-20,4.64,3.028683373693677
2021-05-21,4.64,3.0032042883926917
2021-05-24,4.64,2.91235066461494
2021-05-25,4.64,2.935982269148217
2021-05-26,4.64,2.854168709232204
2021-05-27,4.64,2.817801065061329
2021-05-28,4.64,2.818995095053937
2021-05-31,4.64,2.818995095053937
2021-06-01,4.64,2.884800712846709
2021-06-02,4.64,2.8610573702273894
2021-06-03,4.64,2.8925915146344776
2021-06-04,4.64,2.7985001040242823
2021-06-07,4.64,2.7985001040242823
2021-06-08,4.64,2.837322536806349
2021-06-09,4.64,2.884241897520628
2021-06-10,4.64,2.7788192719904172
2021-06-11,4.64,2.750470916986162
2021-06-14,4.64,2.7966713927557385
2021-06-15,4.64,2.834389123145228
2021-06-16,4.64,2.8986705607108596
2021-06-17,4.64,2.8763855159214247
2021-06-18,4.64,3.0301337002713233
2021-06-21,4.64,2.884241897520628
2021-06-22,4.64,2.8130106367386967
2021-06-23,4.64,2.792391349535961
2021-06-24,4.64,2.770711962226921
2021-06-25,4.64,2.7485521444115397
2021-06-28,4.64,2.757475084429733
2021-06-29,4.64,2.7738379416402132
2021-06-30,4.64,2.761906873892921
2021-07-01,4.64,2.739548868161581
2021-07-02,4.64,2.712706012638404
2021-07-05,4.64,2.712706012638404
2021-07-06,4.64,2.799717389628034
2021-07-07,4.64,2.785011242238338
2021-07-08,4.64,2.9444389791664403
2021-07-09,4.64,2.7837759116303458
2021-07-12,4.64,2.783157673589016
2021-07-13,4.64,2.840247370713596
2021-07-14,4.64,2.7930039069823738
2021-07-15,4.64,2.8338014064077703
2021-07-16,4.64,2.915064370486536
2021-07-19,4.64,3.1135153092103742
2021-07-20,4.64,2.982140320034524
2021-07-21,4.64,2.8853592160726205
2021-07-22,4.64,2.872999508171694
2021-07-23,4.64,2.8449093838194073
2021-07-26,4.64,2.866761892257031
2021-07-27,4.64,2.963209081848431
2021-07-28,4.64,2.907447358686419
2021-07-29,4.64,2.8735646395797834
2021-07-30,4.64,2.9036169846461855
2021-08-02,4.64,2.968361076757859
2021-08-03,4.64,2.8925915146344776
2021-08-04,4.64,2.8887037007954675
2021-08-05,4.64,2.8495497633759097
2021-08-06,4.64,2.7819200496686656
2021-08-09,4.64,2.8166056076565553
2021-08-10,4.64,2.8207834710894493
2021-08-11,4.64,2.7763317085186157
2021-08-12,4.64,2.7466296830696852
2021-08-13,4.64,2.7376090033437546
2021-08-16,4.64,2.7800607370784824
2021-08-17,4.64,2.8853592160726205
2021-08-18,4.64,3.071303460401065
2021-08-19,4.64,3.075928815548268
2021-08-20,4.64,2.9210087273580543
2021-08-23,4.64,2.8419981736119486
2021-08-24,4.64,2.8460714989995846
2021-08-25,4.64,2.8207834710894493
2021-08-26,4.64,2.935982269148217
2021-08-27,4.64,2.7966713927557385
2021-08-30,4.64,2.784393767689544
2021-08-31,4.64,2.8021475244813256
2021-09-01,4.64,2.779440197188883
2021-09-02,4.64,2.7978909051019993
2021-09-03,4.64,2.7978909051019993
2021-09-06,4.64,2.7978909051019993
2021-09-07,4.64,2.8981194446869907
2021-09-08,4.64,2.8881470628740535
2021-09-09,4.64,2.9338568698359038
2021-09-10,4.64,3.0421386463681466
2021-09-13,4.64,2.9637254774189046
2021-09-14,4.64,2.968361076757859
2021-09-15,4.64,2.900322088749333
2021-09-16,4.64,2.9279886214674717
2021-09-17,4.64,3.035433640405543
2021-09-20,4.64,3.246880021277798
2021-09-21,4.64,3.192942442841696
2021-09-22,4.64,3.038312721089109
2021-09-23,4.64,2.924773184613497
2021-09-24,4.64,2.8763855159214247
2021-09-27,4.64,2.9317269435780786
2021-09-28,4.64,3.1463051320333655
2021-09-29,4.64,3.1161784266298582
2021-09-30,4.64,3.1415627217655304
2021-10-01,4.64,3.0516399054922867
2021-10-04,4.64,3.133753571451366
2021-10-05,4.64,3.0587070727153796
2021-10-06,4.64,3.044522437723423
2021-10-07,4.64,2.972463646614637
2021-10-08,4.64,2.9322598505984176
2021-10-11,4.64,2.995732273553991
2021-10-12,4.64,2.9882040071331994
2021-10-13,4.64,2.925309809257445
2021-10-14,4.64,2.8249439525737094
2021-10-15,4.64,2.791165107812717
2021-10-18,4.64,2.7917784166329223
2021-10-19,4.64,2.7536607123542622
2021-10-20,4.64,2.740194654428777
2021-10-21,4.64,2.7087166456453704
2021-10-22,4.64,2.7363136663750693
2021-10-25,4.64,2.7239235502585
2021-10-26,4.64,2.7713379403381286
2021-10-27,4.64,2.8320361808832013
2021-10-28,4.64,2.805176911832933
2021-10-29,4.64,2.7887081041196646
2021-11-01,4.64,2.7978909051019993
2021-11-02,4.64,2.7744619666214616
2021-11-03,4.64,2.714694743820879
2021-11-04,4.64,2.73696154459663
2021-11-05,4.64,2.8021475244813256
2021-11-08,4.64,2.8460714989995846
2021-11-09,4.64,2.8780742300857587
2021-11-10,4.64,2.930126516455997
2021-11-11,4.64,2.8713021951758138
2021-11-12,4.64,2.790551422613954
2021-11-15,4.64,2.8027541365715076
2021-11-16,4.64,2.7954503913830435
2021-11-17,4.64,2.839663087904102
2021-11-18,4.64,2.8673305587494666
2021-11-19,4.64,2.8853592160726205
2021-11-22,4.64,2.9533465570575532
2021-11-23,4.64,2.96424160646262
2021-11-24,4.64,2.922085733385692
2021-11-25,4.64,2.922085733385692
2021-11-26,4.64,3.3541057741283047
2021-11-29,4.64,3.133753571451366
2021-11-30,4.64,3.3028492586443794
2021-12-01,4.64,3.4378506993101907
2021-12-02,4.64,3.3304171996011083
2021-12-03,4.64,3.4232849781261603
2021-12-06,4.64,3.3024814087229974
2021-12-07,4.64,3.0860299115347716
2021-12-08,4.64,2.990719731730447
2021-12-09,4.64,3.0717669598299886
2021-12-10,4.64,2.9279886214674717
2021-12-13,4.64,3.011113375592293
2021-12-14,4.64,3.0860299115347716
2021-12-15,4.64,2.9595868269176377
2021-12-16,4.64,3.0238337036648657
2021-12-17,4.64,3.071303460401065
2021-12-20,4.64,3.12982600803469
2021-12-21,4.64,3.044998514856909
2021-12-22,4.64,2.924773184613497
2021-12-23,4.64,2.8881470628740535
2021-12-24,4.64,2.8881470628740535
2021-12-27,4.64,2.8724340572094973
2021-12-28,4.64,2.864483986944037
2021-12-29,4.64,2.830267833826459
2021-12-30,4.64,2.8524391037275145
2021-12-31,4.64,2.8460714989995846
2022-01-03,4.64,2.8094026953624978
2022-01-04,4.64,2.827905162910489
2022-01-05,4.64,2.982140320034524
2022-01-06,4.64,2.976039640208255
2022-01-07,4.64,2.9317269435780786
2022-01-10,4.64,2.9652730660692823
2022-01-11,4.64,2.9128939952449864
2022-01-12,4.64,2.8690346205080335
2022-01-13,4.64,3.011113375592293
2022-01-14,4.64,2.9543893100196086
2022-01-17,4.64,2.9543893100196086
2022-01-18,4.64,3.126321843257593
2022-01-19,4.64,3.1717842173343502
2022-01-20,4.64,3.2422016501716975
2022-01-21,4.64,3.3621099929541085
2022-01-24,4.64,3.3978584803966405
2022-01-25,4.64,3.4391352210025476
2022-01-26,4.64,3.464485120898074
2022-01-27,4.64,3.4173987610001633
2022-01-28,4.64,3.319987326236612
2022-01-31,4.64,3.2120525995200753
2022-02-01,4.64,3.08922261664133
2022-02-02,4.64,3.095125017432026
2022-02-03,4.64,3.192531849528599
2022-02-04,4.64,3.1450139762697455
2022-02-07,4.64,3.1293886583666644
2022-02-08,4.64,3.0652583362026014
2022-02-09,4.64,2.993730270883318
2022-02-10,4.64,3.1742967814702334
2022-02-11,4.64,3.3090820927543496
2022-02-14,4.64,3.3439213138424253
2022-02-15,4.64,3.246490991901174
2022-02-16,4.64,3.190064743014081
2022-02-17,4.64,3.3361253849184407
2022-02-18,4.64,3.3232358401924436
2022-02-21,4.64,3.3232358401924436
2022-02-22,4.64,3.360722549096437
2022-02-23,4.64,3.4346321577483927
2022-02-24,4.64,3.411807560774171
2022-02-25,4.64,3.3174533882291946
2022-02-28,4.64,3.4061849231731944
2022-03-01,4.64,3.506157817298642
2022-03-02,4.64,3.4255647381104497
2022-03-03,4.64,3.4170707308184456
2022-03-04,4.64,3.4651107074058083
2022-03-07,4.64,3.5959414584546674
2022-03-08,4.64,3.559055466277736
2022-03-09,4.64,3.479700443150099
2022-03-10,4.64,3.408834808791367
2022-03-11,4.64,3.4258899942525267
2022-03-14,4.64,3.4585224482814247
2022-03-15,4.64,3.395514598526657
2022-03-16,4.64,3.283539338193923
2022-03-17,4.64,3.245322994883049
2022-03-18,4.64,3.1726224403507386
2022-03-21,4.64,3.158276202739271
2022-03-22,4.64,3.1328821117012247
2022-03-23,4.64,3.1599747169480397
2022-03-24,4.64,3.075928815548268
2022-03-25,4.64,3.035433640405543
2022-03-28,4.64,2.9770590082883697
2022-03-29,4.64,2.9391619220655967
2022-03-30,4.64,2.9616582932202395
2022-03-31,4.64,3.0233474405869645
2022-04-01,4.64,2.9770590082883697
2022-04-04,4.64,2.9215473753646144
2022-04-05,4.64,3.0459499897146083
2022-04-06,4.64,3.095577608523707
2022-04-07,4.64,3.070375816549757
2022-04-08,4.64,3.052112606990099
2022-04-11,4.64,3.193352867637115
2022-04-12,4.64,3.1888289035159043
2022-04-13,4.64,3.0828269804049246
2022-04-14,4.64,3.122364924487357
2022-04-15,4.64,3.122364924487357
2022-04-18,4.64,3.09874002362822
2022-04-19,4.64,3.0619880693310564
2022-04-20,4.64,3.011605622710281
2022-04-21,4.64,3.121483478859551
2022-04-22,4.64,3.339676525013905
2022-04-25,4.64,3.2965773325320527
2022-04-26,4.64,3.5121422756138823
2022-04-27,4.64,3.4531571205928664
2022-04-28,4.64,3.4008639927609177
2022-04-29,4.64,3.5085558999826545
2022-05-02,4.64,3.4763048541489607
2022-05-03,4.64,3.3758795736778655
2022-05-04,4.64,3.2355362657613083
2022-05-05,4.64,3.4404180948154366
2022-05-06,4.64,3.4075107437187473
2022-05-09,4.64,3.548179572010801
2022-05-10,4.64,3.49620448524049
2022-05-11,4.64,3.4830845411343394
2022-05-12,4.64,3.4585224482814247
2022-05-13,4.64,3.3628029936748436
2022-05-16,4.64,3.3130945001071823
2022-05-17,4.64,3.261935314328648
2022-05-18,4.64,3.4326960487215263
2022-05-19,4.64,3.3792925462741055
2022-05-20,4.64,3.382014562245381
2022-05-23,4.64,3.349202086543775
2022-05-24,4.64,3.3826939100975957
2022-05-25,4.64,3.34533224882076
2022-05-26,4.64,3.3141860046725258
2022-05-27,4.64,3.2472688993694185
2022-05-30,4.64,3.2786530289040616
2022-05-31,4.64,3.2653776585196206
2022-06-01,4.64,3.2461018111217923
2022-06-02,4.64,3.20761263258949
2022-06-03,4.64,3.210440346047099
2022-06-06,4.64,3.221671912170202
2022-06-07,4.64,3.1788868166518376
2022-06-08,4.64,3.1763857732472487
2022-06-09,4.64,3.261552099148637
2022-06-10,4.64,3.3232358401924436
2022-06-13,4.64,3.5269485869677157
2022-06-14,4.64,3.487069220736119
2022-06-15,4.64,3.3884498088396526
2022-06-16,4.64,3.4949912609485163
2022-06-17,4.64,3.4381719844535166
2022-06-20,4.64,3.434954478460289
2022-06-21,4.64,3.4075107437187473
2022-06-22,4.64,3.3655702040190043
2022-06-23,4.64,3.3690184832979204
2022-06-24,4.64,3.3043193066856684
2022-06-27,4.64,3.2939832973550063
2022-06-28,4.64,3.344979701663927
2022-06-29,4.64,3.3379025312898416
2022-06-30,4.64,3.3572454941329726
2022-07-01,4.64,3.2846635654062037
2022-07-04,4.64,3.315276319154516
2022-07-05,4.64,3.315639493300509
2022-07-06,4.64,3.2857865301508276
2022-07-07,4.64,3.261168737058452
2022-07-08,4.64,3.204371138665319
2022-07-11,4.64,3.2646137165420543
2022-07-12,4.64,3.306520334720247
2022-07-13,4.64,3.2891478778535324
2022-07-14,4.64,3.2733640101522705
2022-07-15,4.64,3.1875915348284343
2022-07-18,4.64,3.2308043957334744
2022-07-19,4.64,3.1986731175506815
2022-07-20,4.64,3.1730412885244013
2022-07-21,4.64,3.1402654242862895
2022-07-22,4.64,3.136797713832594
2022-07-25,4.64,3.151025157960026
2022-07-26,4.64,3.206398303357088
2022-07-27,4.64,3.1458749319837103
2022-07-28,4.64,3.1059310658520665
2022-07-29,4.64,3.0601145324832593
2022-08-01,4.64,3.1285133847878095
2022-08-02,4.64,3.175132901920282
2022-08-03,4.64,3.08876713952118
2022-08-04,4.64,3.0652583362026014
2022-08-05,4.64,3.0516399054922867
2022-08-08,4.64,3.058237478905388
2022-08-09,4.64,3.080532875246456
2022-08-10,4.64,2.9826470340053355
2022-08-11,4.64,3.005682604407159
2022-08-12,4.64,2.9719517448885875
2022-08-15,4.64,2.9932291433358724
2022-08-16,4.64,2.9801108926510342
2022-08-17,4.64,2.990719731730447
2022-08-18,4.64,2.9734866646066713
2022-08-19,4.64,3.0252910757955354
2022-08-22,4.64,3.169685580677429
2022-08-23,4.64,3.1826266921930797
2022-08-24,4.64,3.1276373444339294
2022-08-25,4.64,3.0809921175048145
2022-08-26,4.64,3.241028629509334
2022-08-29,4.64,3.266141017335315
2022-08-30,4.64,3.266141017335315
2022-08-31,4.64,3.2530839961979376
2022-09-01,4.64,3.241028629509334
2022-09-02,4.64,3.2375012889913655
2022-09-05,4.64,3.2577118486533987
2022-09-06,4.64,3.2924979647388146
2022-09-07,4.64,3.204371138665319
2022-09-08,4.64,3.1616703510974213
2022-09-09,4.64,3.126321843257593
2022-09-12,4.64,3.1726224403507386
2022-09-13,4.64,3.305787196857497
2022-09-14,4.64,3.264231526588998
2022-09-15,4.64,3.2684276036974484
2022-09-16,4.64,3.269568939183719
2022-09-19,4.64,3.248822901236153
2022-09-20,4.64,3.3017453026904953
2022-09-21,4.64,3.331847303527362
2022-09-22,4.64,3.3087165288679903
2022-09-23,4.64,3.3985271531062766
2022-09-26,4.64,3.4738280726970627
2022-09-27,4.64,3.484312288372662
2022-09-28,4.64,3.407179453339703
2022-09-29,4.64,3.460723360976182
2022-09-30,4.64,3.453789831781326
2022-10-03,4.64,3.40452517175483
2022-10-04,4.64,3.3697067145707846
2022-10-05,4.64,3.351656936102019
2022-10-06,4.64,3.4183822064162563
2022-10-07,4.64,3.445533195482207
2022-10-10,4.64,3.479700443150099
2022-10-11,4.64,3.515418525752178
2022-10-12,4.64,3.5136328109919437
2022-10-13,4.64,3.4638591427868666
2022-10-14,4.64,3.4663607075685685
2022-10-17,4.64,3.445852022202587
2022-10-18,4.64,3.417726683613366
2022-10-19,4.64,3.4262151446374434
2022-10-20,4.64,3.4005304926744517
2022-10-21,4.64,3.3908102887756684
2022-10-24,4.64,3.396184839838611
2022-10-25,4.64,3.3484995926617063
2022-10-26,4.64,3.3061538329752613
2022-10-27,4.64,3.3101779832749867
2022-10-28,4.64,3.248434627109745
2022-10-31,4.64,3.2534704696327
2022-11-01,4.64,3.2507620137305224
2022-11-02,4.64,3.2526973733437115
2022-11-03,4.64,3.2308043957334744
2022-11-04,4.64,3.2007118542405295
2022-11-07,4.64,3.192531849528599
2022-11-08,4.64,3.2402458506043934
2022-11-09,4.64,3.261552099148637
2022-11-10,4.64,3.158276202739271
2022-11-11,4.64,3.1144038032714896
2022-11-14,4.64,3.166740070447672
2022-11-15,4.64,3.2003044392827653
2022-11-16,4.64,3.1826266921930797
2022-11-17,4.64,3.175132901920282
2022-11-18,4.64,3.1406980438041767
2022-11-21,4.64,3.1072736482868986
2022-11-22,4.64,3.058237478905388
2022-11-23,4.64,3.013080911888604
2022-11-24,4.64,3.01651481273652
2022-11-25,4.64,3.0204248861443626
2022-11-28,4.64,3.100542637906336
2022-11-29,4.64,3.0860299115347716
2022-11-30,4.64,3.0243197304059035
2022-12-01,4.64,2.987700101856727
2022-12-02,4.64,2.947591898226056
2022-12-05,4.64,3.0325462466767075
2022-12-06,4.64,3.09874002362822
2022-12-07,4.64,3.121483478859551
2022-12-08,4.64,3.1041381473977774
2022-12-09,4.64,3.1280754605417043
2022-12-12,4.64,3.2188758248682006
2022-12-13,4.64,3.1157350659486873
2022-12-14,4.64,3.051166980442092
2022-12-15,4.64,3.1280754605417043
2022-12-16,4.64,3.1188344706879745
2022-12-19,4.64,3.109953417644014
2022-12-20,4.64,3.067122269640664
2022-12-21,4.64,2.9992261628082466
2022-12-22,4.64,3.089677886396519
2022-12-23,4.64,3.038312721089109
2022-12-26,4.64,3.038312721089109
2022-12-27,4.64,3.075005454448499
2022-12-28,4.64,3.0973859272804907
2022-12-29,4.64,3.0652583362026014
2022-12-30,4.64,3.075928815548268
2023-01-02,4.64,3.075928815548268
2023-01-03,4.64,3.131136910560194
2023-01-04,4.64,3.0914968955383704
2023-01-05,4.64,3.111735949310297
2023-01-06,4.64,3.0506938316279655
2023-01-09,4.64,3.089677886396519
2023-01-10,4.64,3.0243197304059035
2023-01-11,4.64,3.0487989944906833
2023-01-12,4.64,2.935451342669061
2023-01-13,4.64,2.9096295745005794
2023-01-16,4.64,2.9699015135194693
2023-01-17,4.64,2.963209081848431
2023-01-18,4.64,3.012589390620414
2023-01-19,4.64,3.021400020302569
2023-01-20,4.64,2.9882040071331994
2023-01-23,4.64,2.9861868607104594
2023-01-24,4.64,2.954910279033736
2023-01-25,4.64,2.9486406660201405
2023-01-26,4.64,2.930126516455997
2023-01-27,4.64,2.9183111265854063
2023-01-30,4.64,2.9927277645336923
2023-01-31,4.64,2.9652730660692823
2023-02-01,4.64,2.8831233291713367
2023-02-02,4.64,2.930126516455997
2023-02-03,4.64,2.9085390618516134
2023-02-06,4.64,2.9668182633893485
2023-02-07,4.64,2.926382195419198
2023-02-08,4.64,2.9770590082883697
2023-02-09,4.64,3.030616675407493
2023-02-10,4.64,3.0218872310308424
2023-02-13,4.64,3.012589390620414
2023-02-14,4.64,2.9396908826703663
2023-02-15,4.64,2.9030685886905716
2023-02-16,4.64,3.0041963519661206
2023-02-17,4.64,2.9967317738870745
2023-02-20,4.64,3.055415275715165
2023-02-21,4.64,3.12982600803469
2023-02-22,4.64,3.1041381473977774
2023-02-23,4.64,3.051166980442092
2023-02-24,4.64,3.075928815548268
2023-02-27,4.64,3.0421386463681466
2023-02-28,4.64,3.0301337002713233
2023-03-01,4.64,3.0243197304059035
2023-03-02,4.64,2.9750192319564492
2023-03-03,4.64,2.9172300453990334
2023-03-06,4.64,2.9236990706541595
2023-03-07,4.64,2.9750192319564492
2023-03-08,4.64,2.950211758252182
2023-03-09,4.64,3.1183922862898785
2023-03-10,4.64,3.2108436531709366
2023-03-13,4.64,3.277899165317662
2023-03-14,4.64,3.166740070447672
2023-03-15,4.64,3.2634667081960758
2023-03-16,4.64,3.1350593387750902
2023-03-17,4.64,3.23907053215372
2023-03-20,4.64,3.184284380098582
2023-03-21,4.64,3.062455905596899
2023-03-22,4.64,3.102791345847399
2023-03-23,4.64,3.1183922862898785
2023-03-24,4.64,3.0791538816930633
2023-03-27,4.64,3.0252910757955354
2023-03-28,4.64,2.994231147427724
2023-03-29,4.64,2.9507349076232554
2023-03-30,4.64,2.9454910571172443
2023-03-31,4.64,2.928523523860541
2023-04-03,4.64,2.920469789053444
2023-04-04,4.64,2.9444389791664403
2023-04-05,4.64,2.9486406660201405
2023-04-06,4.64,2.91235066461494
2023-04-07,4.64,2.91235066461494
2023-04-10,4.64,2.9428587839469227
2023-04-11,4.64,2.9496883350525844
2023-04-12,4.64,2.949164637737656
2023-04-13,4.64,2.8791984572980396
2023-04-14,4.64,2.837322536806349
2023-04-17,4.64,2.830267833826459
2023-04-18,4.64,2.8231630082027146
2023-04-19,4.64,2.800933195248924
2023-04-20,4.64,2.843163674909384
2023-04-21,4.64,2.8195915758351173
2023-04-24,4.64,2.826721730819709
2023-04-25,4.64,2.9317269435780786
2023-04-26,4.64,2.935982269148217
2023-04-27,4.64,2.834976494674597
2023-04-28,4.64,2.7587433154177283
2023-05-01,4.64,2.77757626375082
2023-05-02,4.64,2.8780742300857587
2023-05-03,4.64,2.9090844668283187
2023-05-04,4.64,3.000222178826843
2023-05-05,4.64,2.844327819394758
2023-05-08,4.64,2.8320361808832013
2023-05-09,4.64,2.8741294517947424
2023-05-10,4.64,2.8296776892239084
2023-05-11,4.64,2.829087196145044
2023-05-12,4.64,2.834976494674597
2023-05-15,4.64,2.840247370713596
2023-05-16,4.64,2.8898160479624417
2023-05-17,4.64,2.825536896557877
2023-05-18,4.64,2.775708849576025
2023-05-19,4.64,2.821973947420524
2023-05-22,4.64,2.845490610223448
2023-05-23,4.64,2.9193910402972683
2023-05-24,4.64,2.997231149677727
2023-05-25,4.64,2.9517803860248084
2023-05-26,4.64,2.8875901149342877
2023-05-29,4.64,2.859912550411456
2023-05-30,4.64,2.859912550411456
2023-05-31,4.83,2.88703285663065
2023-06-01,4.81,2.750470916986162
2023-06-02,4.69,2.681021528714291
2023-06-05,4.6,2.689886230474539
2023-06-06,4.57,2.6361960973342264
2023-06-07,4.48,2.6347624053323777
2023-06-08,4.49,2.613739521630969
2023-06-09,4.47,2.626840145676667
2023-06-12,4.46,2.7087166456453704
2023-06-13,4.39,2.681706225762608
2023-06-14,4.33,2.6304489550786583
2023-06-15,4.3,2.6741486494265287
2023-06-16,4.28,2.605648267484129
2023-06-19,4.25,2.6525374911719513
2023-06-20,4.35,2.6304489550786583
2023-06-21,4.38,2.580216829592325
2023-06-22,4.38,2.558002204858551
2023-06-23,4.49,2.5982353350950036
2023-06-26,4.54,2.6567569067146595
2023-06-27,4.47,2.620311286794203
2023-06-28,4.5,2.5974910105351463
2023-06-29,4.42,2.605648267484129
2023-06-30,4.46,2.6093342281630525
2023-07-03,4.38,2.6078614738467776
2023-07-04,4.38,2.617395832834079
2023-07-05,4.4,2.6518325211039815
2023-07-06,4.37,2.73696154459663
2023-07-07,4.43,2.696652156149841
2023-07-10,4.44,2.712706012638404
2023-07-11,4.41,2.6973262377392344
2023-07-12,4.38,2.605648267484129
2023-07-13,4.34,2.6108048166633746
2023-07-14,4.31,2.590767040487478
2023-07-17,4.38,2.601207105484161
2023-07-18,4.45,2.5877640352277083
2023-07-19,4.4,2.6217658325051976
2023-07-20,4.35,2.63834278867739
2023-07-21,4.38,2.6100697927420065
2023-07-24,4.41,2.6326080059353516
2023-07-25,4.39,2.6290069937617573
2023-07-26,4.34,2.579458966729223
2023-07-27,4.3,2.667922410011431
2023-07-28,4.3,2.5900171341906173
2023-07-31,4.38,2.612273245708441
2023-08-01,4.32,2.6340447877917144
2023-08-02,4.4,2.7781979610042917
2023-08-03,4.43,2.767576180416237
2023-08-04,4.44,2.8390784635086144
2023-08-07,4.44,2.758109400974947
2023-08-08,4.54,2.771963526845863
2023-08-09,4.48,2.7700855920216627
2023-08-10,4.44,2.7631695003232895
2023-08-11,4.39,2.6973262377392344
2023-08-14,4.38,2.695977619867941
2023-08-15,4.38,2.800933195248924
2023-08-16,4.42,2.8201877010390604
2023-08-17,4.46,2.884241897520628
2023-08-18,4.53,2.8507065015037334
2023-08-21,4.49,2.8408313123360287
2023-08-22,4.5,2.831447079246135
2023-08-23,4.59,2.7713379403381286
2023-08-24,4.56,2.8449093838194073
2023-08-25,4.52,2.7523860149222616
2023-08-28,4.51,2.71336936257981
2023-08-29,4.48,2.670694414558441
2023-08-30,4.47,2.6304489550786583
2023-08-31,4.5,2.6078614738467776
2023-09-01,4.47,2.5718485799218085
2023-09-04,4.41,2.626116818339524
2023-09-05,4.39,2.6397713603489157
2023-09-06,4.35,2.670694414558441
2023-09-07,4.35,2.667228206581955
2023-09-08,4.36,2.6275629501895237
2023-09-11,4.3,2.624668592163159
2023-09-12,4.28,2.655352412101761
2023-09-13,4.24,2.601207105484161
2023-09-14,4.23,2.551006451492524
2023-09-15,4.15,2.6239436918052106
2023-09-18,4.12,2.6390573296152584
2023-09-19,4.1,2.6468837658647226
2023-09-20,4.12,2.717340248009303
2023-09-21,4.18,2.864483986944037
2023-09-22,4.21,2.8449093838194073
2023-09-25,4.24,2.8273136219290276
2023-09-26,4.31,2.9412760877579323
2023-09-27,4.33,2.9025198918318122
2023-09-28,4.32,2.853015971352396
2023-09-29,4.45,2.8633430855082453
2023-10-02,4.42,2.8684669225081145
2023-10-03,4.5,2.984671326194566
2023-10-04,4.63,2.922085733385692
2023-10-05,4.69,2.9172300453990334
2023-10-06,4.74,2.859339648648436
2023-10-09,4.86,2.8735646395797834
2023-10-10,4.77,2.834976494674597
2023-10-11,4.69,2.7781979610042917
2023-10-12,4.62,2.8148097376737438
2023-10-13,4.68,2.961140828784372
2023-10-16,4.69,2.845490610223448
2023-10-17,4.66,2.883682769745368
2023-10-18,4.71,2.9559514035421466
2023-10-19,4.81,3.0633909220278057
2023-10-20,4.93,3.0777729838902004
2023-10-23,4.93,3.0140632302387145
2023-10-24,4.83,2.9428587839469227
2023-10-25,4.8,3.005187432324746
2023-10-26,4.89,3.0291670496402285
2023-10-27,4.9,3.0572976292121457
2023-10-30,4.88,2.9831534913471307
2023-10-31,4.83,2.8981194446869907
2023-11-01,4.82,2.825536896557877
2023-11-02,4.67,2.751109690562657
2023-11-03,4.65,2.702032128776647
2023-11-06,4.58,2.7006898466959175
2023-11-07,4.61,2.6953026282797072
2023-11-08,4.58,2.670694414558441
2023-11-09,4.55,2.727199019940971
2023-11-10,4.54,2.6511270537025893
2023-11-13,4.5,2.6919208191723265
2023-11-14,4.48,2.6504210882655737
2023-11-15,4.4,2.6518325211039815
2023-11-16,4.47,2.6616571615324998
2023-11-17,4.44,2.624668592163159
2023-11-20,4.4,2.596000697293587
2023-11-21,4.41,2.5915163848462583
2023-11-22,4.36,2.553343811341229
2023-11-23,4.3,2.5494451709255714
2023-11-24,4.27,2.522523513359307
2023-11-27,4.32,2.540814281726296
2023-11-28,4.38,2.540814281726296
2023-11-29,4.32,2.563409711275944
2023-11-30,4.32,2.558776498354456
2023-12-01,4.35,2.5360749363624
2023-12-04,4.31,2.5710843460290524
2023-12-05,4.32,2.553343811341229
2023-12-06,4.29,2.5626389983283526
2023-12-07,4.28,2.569554123848285
2023-12-08,4.2,2.513656063073986
2023-12-11,4.19,2.5360749363624
2023-12-12,4.17,2.4907230351094403
2023-12-13,4.17,2.5006159434931803
2023-12-14,3.97,2.5241273629412815
2023-12-15,3.95,2.5079719227189963
2023-12-18,3.93,2.5305171610400525
2023-12-19,3.94,2.528125768907977
2023-12-20,3.94,2.6152036507358583
2023-12-21,3.94,2.613739521630969
2023-12-22,3.96,2.567254391136754
2023-12-25,3.96,2.567254391136754
2023-12-26,3.97,2.5641798306825083
2023-12-27,3.99,2.5201129055226197
2023-12-28,4.0,2.523325759691945
2023-12-29,3.96,2.5217206229107165
2024-01-01,3.96,2.5217206229107165
2024-01-02,3.92,2.580216829592325
2024-01-03,4.08,2.641910398597665
2024-01-04,4.04,2.6483001966964363
2024-01-05,4.08,2.5915163848462583
2024-01-08,4.07,2.5710843460290524
2024-01-09,4.0,2.546315277916644
2024-01-10,3.84,2.540814281726296
2024-01-11,3.78,2.5209170873110334
2024-01-12,3.84,2.5416019934645457
2024-01-15,3.81,2.583997552432231
2024-01-16,3.88,2.6275629501895237
2024-01-17,3.88,2.6939512767227085
2024-01-18,3.83,2.6483001966964363
2024-01-19,3.77,2.5877640352277083
2024-01-22,3.76,2.579458966729223
2024-01-23,3.73,2.529720665577793
2024-01-24,3.69,2.5756610130564646
2024-01-25,3.75,2.598979106047848
2024-01-26,3.7,2.5847519847577165
2024-01-29,3.74,2.6100697927420065
2024-01-30,3.7,2.58851563240702
2024-01-31,3.85,2.66374994220563
2024-02-01,3.89,2.6304489550786583
2024-02-02,3.75,2.6282852326333477
2024-02-05,3.74,2.6152036507358583
2024-02-06,3.77,2.569554123848285
2024-02-07,3.77,2.551786178627545
2024-02-08,3.71,2.548663615590751
2024-02-09,3.66,2.559550192783766
2024-02-12,3.64,2.6340447877917144
2024-02-13,3.63,2.7631695003232895
2024-02-14,3.63,2.6658383522929006
2024-02-15,3.59,2.6397713603489157
2024-02-16,3.52,2.65605490598383
2024-02-19,3.52,2.688527534613346
2024-02-20,3.54,2.7356653681351832
2024-02-21,3.49,2.73046379593911
2024-02-22,3.43,2.6769034721053733
2024-02-23,3.43,2.6210388241125804
2024-02-26,3.37,2.620311286794203
2024-02-27,3.41,2.5974910105351463
2024-02-28,3.44,2.6275629501895237
2024-02-29,3.46,2.5952547069568657
2024-03-01,3.46,2.5733752977756086
2024-03-04,3.44,2.6019486702196644
2024-03-05,3.5,2.671386216730619
2024-03-06,3.49,2.6741486494265287
2024-03-07,3.49,2.67000213346468
2024-03-08,3.49,2.6905648867611904
2024-03-11,3.45,2.7226103524335397
2024-03-12,3.38,2.6275629501895237
2024-03-13,3.32,2.6210388241125804
2024-03-14,3.32,2.667228206581955
2024-03-15,3.32,2.667922410011431
2024-03-18,3.32,2.6623552418400807
2024-03-19,3.35,2.626116818339524
2024-03-20,3.39,2.5680215564985067
2024-03-21,3.44,2.558776498354456
2024-03-22,3.52,2.569554123848285
2024-03-25,3.47,2.579458966729223
2024-03-26,3.47,2.5832425505088623
2024-03-27,3.53,2.5478814489493886
2024-03-28,3.52,2.565718292524414
2024-03-29,3.58,2.565718292524414
2024-04-01,3.58,2.613739521630969
2024-04-02,3.58,2.681706225762608
2024-04-03,3.59,2.6623552418400807
2024-04-04,3.56,2.7942278973432626
2024-04-05,3.57,2.7744619666214616
2024-04-08,3.53,2.7206373166076814
2024-04-09,3.57,2.7067159780890733
2024-04-10,3.52,2.760009940032921
2024-04-11,3.56,2.702032128776647
2024-04-12,3.68,2.851284369188118
2024-04-15,3.65,2.9564715596006885
2024-04-16,3.77,2.91235066461494
2024-04-17,3.73,2.9019708937395166
2024-04-18,3.68,2.8903717578961645
2024-04-19,3.66,2.9290581402859983
2024-04-22,3.65,2.8296776892239084
2024-04-23,3.59,2.753023566744941
2024-04-24,3.55,2.770711962226921
2024-04-25,3.57,2.7324175575505043
2024-04-26,3.57,2.710048203764883
2024-04-29,3.58,2.6858045921548905
2024-04-30,3.5,2.750470916986162
2024-05-01,3.5,2.733717947850788
2024-05-02,3.51,2.6864860231863696
2024-05-03,3.53,2.6019486702196644
2024-05-06,3.55,2.6019486702196644
2024-05-07,3.49,2.5824869781268642
2024-05-08,3.44,2.5649493574615367
2024-05-09,3.41,2.540814281726296
2024-05-10,3.39,2.529720665577793
2024-05-13,3.41,2.6100697927420065
2024-05-14,3.39,2.5967461315435356
2024-05-15,3.43,2.5217206229107165
2024-05-16,3.37,2.519308076505333
2024-05-17,3.31,2.4840729690394228
2024-05-20,3.29,2.4973291697865574
2024-05-21,3.3,2.4731713935695794
2024-05-22,3.28,2.5087859235779435
2024-05-23,3.21,2.547098670044448
2024-05-24,3.24,2.4790562361098245
2024-05-27,3.29,2.514465452029545
2024-05-28,3.24,2.558776498354456
2024-05-29,3.23,2.658859956911438
2024-05-30,3.25,2.6720775406433925
2024-05-31,3.29,2.558776498354456
2024-06-03,3.21,2.5733752977756086
2024-06-04,3.24,2.5771819258971713
2024-06-05,3.24,2.5360749363624
2024-06-06,3.18,2.5321082512722946
2024-06-07,3.13,2.503073953743449
2024-06-10,3.17,2.5447466501440172
2024-06-11,3.25,2.553343811341229
2024-06-12,3.27,2.488234439880675
2024-06-13,3.32,2.479894107964456
2024-06-14,3.55,2.5384474167160302
2024-06-17,3.55,2.545531271604435
2024-06-18,3.5,2.509599262378372
2024-06-19,3.47,2.5241273629412815
2024-06-20,3.45,2.5862591440482876
2024-06-21,3.49,2.580216829592325
2024-06-24,3.48,2.5900171341906173
2024-06-25,3.48,2.552565298261815
2024-06-26,3.46,2.529720665577793
2024-06-27,3.49,2.50470927708418
2024-06-28,3.53,2.5209170873110334
2024-07-01,3.39,2.503073953743449
2024-07-02,3.4,2.4874035299865875
2024-07-03,3.38,2.492378664626701
2024-07-04,3.33,2.506341930508065
2024-07-05,3.36,2.5241273629412815
2024-07-08,3.34,2.5152741864043966
2024-07-09,3.32,2.5265283244788197
2024-07-10,3.34,2.553343811341229
2024-07-11,3.39,2.558776498354456
2024-07-12,3.36,2.522523513359307
2024-07-15,3.37,2.574137783515943
2024-07-16,3.4,2.579458966729223
2024-07-17,3.4,2.6727683869575705
2024-07-18,3.41,2.768204123921957
2024-07-19,3.39,2.804571768092832
2024-07-22,3.34,2.702032128776647
2024-07-23,3.36,2.6892071133007303
2024-07-24,3.39,2.8925915146344776
2024-07-25,3.46,2.9156062290747062
2024-07-26,3.47,2.7966713927557385
2024-07-29,3.47,2.8094026953624978
2024-07-30,3.47,2.872999508171694
2024-07-31,3.56,2.794839331174601
2024-08-01,3.6,2.922623801733353
2024-08-02,3.79,3.1523085805960878
2024-08-05,4.02,3.6524747722201365
2024-08-06,3.93,3.321793358874887
2024-08-07,3.78,3.326832966373293
2024-08-08,3.79,3.1692653243148663
2024-08-09,3.79,3.0140632302387145
2024-08-12,3.75,3.030616675407493
2024-08-13,3.78,2.8970163006148333
2024-08-14,3.74,2.784393767689544
2024-08-15,3.63,2.7232671669070703
2024-08-16,3.59,2.6946271807700692
2024-08-19,3.57,2.6844403354630764
2024-08-20,3.6,2.7650604558189897
2024-08-21,3.62,2.7893229212309465
2024-08-22,3.58,2.865053949911875
2024-08-23,3.59,2.7638002162067017
2024-08-26,3.61,2.7819200496686656
2024-08-27,3.53,2.7363136663750693
2024-08-28,3.52,2.839663087904102
2024-08-29,3.5,2.750470916986162
2024-08-30,3.43,2.70805020110221
2024-09-02,3.39,2.744060638625243
2024-09-03,3.44,3.031099417391282
2024-09-04,3.55,3.0596455992976437
2024-09-05,3.54,2.990719731730447
2024-09-06,3.59,3.108167702883779
2024-09-09,3.59,2.9678470700644555
2024-09-10,3.61,2.9486406660201405
2024-09-11,3.73,2.872999508171694
2024-09-12,3.61,2.837322536806349
2024-09-13,3.59,2.8069901489571136
2024-09-16,3.59,2.8414149131696336
2024-09-17,3.54,2.8684669225081145
2024-09-18,3.5,2.9030685886905716
2024-09-19,3.44,2.7930039069823738
2024-09-20,3.42,2.7819200496686656
2024-09-23,3.48,2.7656899805486246
2024-09-24,3.5,2.733717947850788
2024-09-25,3.47,2.7350166493320245
2024-09-26,3.47,2.7324175575505043
2024-09-27,3.47,2.830857630363757
2024-09-30,3.42,2.8172035149987327
2024-10-01,3.45,2.9580304063699794
2024-10-02,3.43,2.9391619220655967
2024-10-03,3.42,3.0199369622508083
2024-10-04,3.33,2.955430976780465
2024-10-07,3.31,3.119718253334982
2024-10-08,3.33,3.064325065019603
2024-10-09,3.32,3.0378334495726262
2024-10-10,3.32,3.0411835364579085
2024-10-11,3.29,3.0184717605234805
2024-10-14,3.24,2.9806186357439426
2024-10-15,3.27,3.027230940613362
2024-10-16,3.3,2.9745086371023644
2024-10-17,3.25,2.950211758252182
2024-10-18,3.27,2.8920370372152258
2024-10-21,3.2,2.9107188992270343
2024-10-22,3.23,2.9014215940827497
2024-10-23,3.25,2.9569914452375605
2024-10-24,3.28,2.9486406660201405
2024-10-25,3.24,3.012097627640255
2024-10-28,3.24,2.9856819377004897
2024-10-29,3.19,2.9621754900251482
2024-10-30,3.12,3.013080911888604
2024-10-31,3.17,3.1424266527047946
2024-11-01,3.19,3.0855729775537806
2024-11-04,3.19,3.090132948975475
2024-11-05,3.18,3.0199369622508083
2024-11-06,3.19,2.7893229212309465
2024-11-07,3.2,2.7212954278522306
2024-11-08,3.21,2.7040421797046714
2024-11-11,3.23,2.706048198431537
2024-11-12,3.23,2.688527534613346
2024-11-13,3.2,2.640484881606444
2024-11-14,3.19,2.6609585935683597
2024-11-15,3.18,2.7813006628418027
2024-11-18,3.17,2.7459880404426023
2024-11-19,3.21,2.7942278973432626
2024-11-20,3.2,2.8425810940598164
2024-11-21,3.25,2.825536896557877
2024-11-22,3.33,2.7239235502585
2024-11-25,3.33,2.681021528714291
2024-11-26,3.33,2.6461747973841225
2024-11-27,3.35,2.6461747973841225
2024-11-28,3.39,2.631888840136646
2024-11-29,3.31,2.6034301519721073
2024-12-02,3.32,2.590767040487478
2024-12-03,3.25,2.5877640352277083
2024-12-04,3.18,2.598979106047848
2024-12-05,3.09,2.605648267484129
2024-12-06,3.06,2.547098670044448
2024-12-09,3.04,2.6525374911719513
2024-12-10,3.05,2.6518325211039815
2024-12-11,3.05,2.60859812213055
2024-12-12,3.01,2.6333266549062735
2024-12-13,2.98,2.6253929674212007
2024-12-16,2.99,2.6871669901857858
2024-12-17,3.02,2.7644305345383176
2024-12-18,3.03,3.318540147981146
2024-12-19,3.07,3.18179681662678
2024-12-20,3.11,2.9101743851923443
2024-12-23,3.1,2.8201877010390604
2024-12-24,3.1,2.658159431488745
2024-12-25,3.1,2.658159431488745
2024-12-26,3.1,2.689886230474539
2024-12-27,3.08,2.7694588292308535
2024-12-30,3.09,2.856470206220483
2024-12-31,3.11,2.8535925063928684
