date,EUR_HY_OAS,EUR_IG_OAS,VIX,DE10Y,EURUSD
2019-01-02,4.64,1.4,23.22,2.66,1.1357
2019-01-03,4.64,1.4,25.45,2.56,1.1399
2019-01-04,4.64,1.4,21.38,2.67,1.141
2019-01-07,4.64,1.4,21.4,2.7,1.1468
2019-01-08,4.64,1.4,20.47,2.73,1.1444
2019-01-09,4.64,1.4,19.98,2.74,1.1524
2019-01-10,4.64,1.4,19.5,2.74,1.1517
2019-01-11,4.64,1.4,18.19,2.71,1.1479
2019-01-14,4.64,1.4,19.07,2.71,1.1479
2019-01-15,4.64,1.4,18.6,2.72,1.1392
2019-01-16,4.64,1.4,19.04,2.73,1.1408
2019-01-17,4.64,1.4,18.06,2.75,1.1386
2019-01-18,4.64,1.4,17.8,2.79,1.1362
2019-01-21,4.64,1.4,17.8,2.79,1.1362
2019-01-22,4.64,1.4,20.8,2.74,1.1359
2019-01-23,4.64,1.4,19.52,2.76,1.139
2019-01-24,4.64,1.4,18.89,2.72,1.1322
2019-01-25,4.64,1.4,17.42,2.76,1.1407
2019-01-28,4.64,1.4,18.87,2.75,1.1438
2019-01-29,4.64,1.4,19.13,2.72,1.1424
2019-01-30,4.64,1.4,17.66,2.7,1.1418
2019-01-31,4.64,1.4,16.57,2.63,1.1454
2019-02-01,4.64,1.4,16.14,2.7,1.1474
2019-02-04,4.64,1.4,15.73,2.73,1.1438
2019-02-05,4.64,1.4,15.57,2.71,1.1406
2019-02-06,4.64,1.4,15.38,2.7,1.138
2019-02-07,4.64,1.4,16.37,2.65,1.1357
2019-02-08,4.64,1.4,15.72,2.63,1.1326
2019-02-11,4.64,1.4,15.97,2.65,1.1277
2019-02-12,4.64,1.4,15.43,2.68,1.1316
2019-02-13,4.64,1.4,15.65,2.71,1.1288
2019-02-14,4.64,1.4,16.22,2.66,1.1284
2019-02-15,4.64,1.4,14.91,2.66,1.1268
2019-02-18,4.64,1.4,14.91,2.66,1.1268
2019-02-19,4.64,1.4,14.88,2.65,1.1328
2019-02-20,4.64,1.4,14.02,2.65,1.1328
2019-02-21,4.64,1.4,14.46,2.69,1.1338
2019-02-22,4.64,1.4,13.51,2.65,1.1342
2019-02-25,4.64,1.4,14.85,2.67,1.1345
2019-02-26,4.64,1.4,15.17,2.64,1.1374
2019-02-27,4.64,1.4,14.7,2.69,1.137
2019-02-28,4.64,1.4,14.78,2.73,1.1379
2019-03-01,4.64,1.4,13.57,2.76,1.1376
2019-03-04,4.64,1.4,14.63,2.72,1.1328
2019-03-05,4.64,1.4,14.74,2.72,1.13
2019-03-06,4.64,1.4,15.74,2.69,1.132
2019-03-07,4.64,1.4,16.59,2.64,1.1214
2019-03-08,4.64,1.4,16.05,2.62,1.1243
2019-03-11,4.64,1.4,14.33,2.64,1.1226
2019-03-12,4.64,1.4,13.77,2.61,1.1276
2019-03-13,4.64,1.4,13.41,2.61,1.131
2019-03-14,4.64,1.4,13.5,2.63,1.1304
2019-03-15,4.64,1.4,12.88,2.59,1.1326
2019-03-18,4.64,1.4,13.1,2.6,1.1337
2019-03-19,4.64,1.4,13.56,2.61,1.1346
2019-03-20,4.64,1.4,13.91,2.54,1.1352
2019-03-21,4.64,1.4,13.63,2.54,1.1361
2019-03-22,4.64,1.4,16.48,2.44,1.1282
2019-03-25,4.64,1.4,16.33,2.43,1.1324
2019-03-26,4.64,1.4,14.68,2.41,1.128
2019-03-27,4.64,1.4,15.15,2.39,1.125
2019-03-28,4.64,1.4,14.43,2.39,1.1236
2019-03-29,4.64,1.4,13.71,2.41,1.1228
2019-04-01,4.64,1.4,13.4,2.49,1.121
2019-04-02,4.64,1.4,13.36,2.48,1.1186
2019-04-03,4.64,1.4,13.74,2.52,1.1242
2019-04-04,4.64,1.4,13.58,2.51,1.1216
2019-04-05,4.64,1.4,12.82,2.5,1.1217
2019-04-08,4.64,1.4,13.18,2.52,1.1262
2019-04-09,4.64,1.4,14.28,2.51,1.1278
2019-04-10,4.64,1.4,13.3,2.48,1.1266
2019-04-11,4.64,1.4,13.02,2.51,1.1262
2019-04-12,4.64,1.4,12.01,2.56,1.1304
2019-04-15,4.64,1.4,12.32,2.55,1.1304
2019-04-16,4.64,1.4,12.18,2.6,1.1293
2019-04-17,4.64,1.4,12.6,2.59,1.1297
2019-04-18,4.64,1.4,12.09,2.57,1.1241
2019-04-19,4.64,1.4,12.09,2.57,1.1246
2019-04-22,4.64,1.4,12.42,2.59,1.1258
2019-04-23,4.64,1.4,12.28,2.57,1.1213
2019-04-24,4.64,1.4,13.14,2.53,1.1192
2019-04-25,4.64,1.4,13.25,2.54,1.114
2019-04-26,4.64,1.4,12.73,2.51,1.1154
2019-04-29,4.64,1.4,13.11,2.54,1.1166
2019-04-30,4.64,1.4,13.12,2.51,1.1201
2019-05-01,4.64,1.4,14.8,2.52,1.1246
2019-05-02,4.64,1.4,14.42,2.55,1.1184
2019-05-03,4.64,1.4,12.87,2.54,1.1186
2019-05-06,4.64,1.4,15.44,2.51,1.1197
2019-05-07,4.64,1.4,19.32,2.45,1.1178
2019-05-08,4.64,1.4,19.4,2.49,1.1206
2019-05-09,4.64,1.4,19.1,2.45,1.1228
2019-05-10,4.64,1.4,16.04,2.47,1.1241
2019-05-13,4.64,1.4,20.55,2.4,1.1232
2019-05-14,4.64,1.4,18.06,2.42,1.1207
2019-05-15,4.64,1.4,16.44,2.37,1.1208
2019-05-16,4.64,1.4,15.29,2.4,1.1178
2019-05-17,4.64,1.4,15.96,2.39,1.1166
2019-05-20,4.64,1.4,16.31,2.41,1.117
2019-05-21,4.64,1.4,14.95,2.43,1.1158
2019-05-22,4.64,1.4,14.75,2.39,1.1156
2019-05-23,4.64,1.4,16.92,2.31,1.1172
2019-05-24,4.64,1.4,15.85,2.32,1.1197
2019-05-27,4.64,1.4,15.85,2.32,1.1197
2019-05-28,4.64,1.4,17.5,2.26,1.1177
2019-05-29,4.64,1.4,17.9,2.25,1.1136
2019-05-30,4.64,1.4,17.3,2.22,1.114
2019-05-31,4.64,1.4,18.71,2.14,1.1149
2019-06-03,4.64,1.4,18.86,2.07,1.1206
2019-06-04,4.64,1.4,16.97,2.12,1.1236
2019-06-05,4.64,1.4,16.09,2.12,1.1242
2019-06-06,4.64,1.4,15.93,2.12,1.1294
2019-06-07,4.64,1.4,16.3,2.09,1.1324
2019-06-10,4.64,1.4,15.94,2.15,1.1311
2019-06-11,4.64,1.4,15.99,2.15,1.1316
2019-06-12,4.64,1.4,15.91,2.13,1.131
2019-06-13,4.64,1.4,15.82,2.1,1.1275
2019-06-14,4.64,1.4,15.28,2.09,1.1217
2019-06-17,4.64,1.4,15.35,2.09,1.1235
2019-06-18,4.64,1.4,15.15,2.06,1.1196
2019-06-19,4.64,1.4,14.33,2.03,1.1214
2019-06-20,4.64,1.4,14.75,2.01,1.1284
2019-06-21,4.64,1.4,15.4,2.07,1.1328
2019-06-24,4.64,1.4,15.26,2.02,1.1393
2019-06-25,4.64,1.4,16.28,2.0,1.1386
2019-06-26,4.64,1.4,16.21,2.05,1.139
2019-06-27,4.64,1.4,15.82,2.01,1.1372
2019-06-28,4.64,1.4,15.08,2.0,1.1374
2019-07-01,4.64,1.4,14.06,2.03,1.1307
2019-07-02,4.64,1.4,12.93,1.98,1.1301
2019-07-03,4.64,1.4,12.57,1.96,1.1275
2019-07-04,4.64,1.4,12.57,1.96,1.1275
2019-07-05,4.64,1.4,13.28,2.04,1.1216
2019-07-08,4.64,1.4,13.96,2.05,1.1208
2019-07-09,4.64,1.4,14.09,2.07,1.121
2019-07-10,4.64,1.4,13.03,2.07,1.126
2019-07-11,4.64,1.4,12.93,2.13,1.1261
2019-07-12,4.64,1.4,12.39,2.12,1.1254
2019-07-15,4.64,1.4,12.68,2.09,1.126
2019-07-16,4.64,1.4,12.86,2.13,1.1212
2019-07-17,4.64,1.4,13.97,2.06,1.1232
2019-07-18,4.64,1.4,13.53,2.04,1.1228
2019-07-19,4.64,1.4,14.45,2.05,1.122
2019-07-22,4.64,1.4,13.53,2.05,1.1214
2019-07-23,4.64,1.4,12.61,2.08,1.1156
2019-07-24,4.64,1.4,12.07,2.05,1.1141
2019-07-25,4.64,1.4,12.74,2.08,1.1156
2019-07-26,4.64,1.4,12.16,2.08,1.1121
2019-07-29,4.64,1.4,12.83,2.06,1.1142
2019-07-30,4.64,1.4,13.94,2.06,1.1148
2019-07-31,4.64,1.4,16.12,2.02,1.113
2019-08-01,4.64,1.4,17.87,1.9,1.1062
2019-08-02,4.64,1.4,17.61,1.86,1.1112
2019-08-05,4.64,1.4,24.59,1.75,1.1197
2019-08-06,4.64,1.4,20.17,1.73,1.1196
2019-08-07,4.64,1.4,19.49,1.71,1.1236
2019-08-08,4.64,1.4,16.91,1.72,1.121
2019-08-09,4.64,1.4,17.97,1.74,1.1222
2019-08-12,4.64,1.4,21.09,1.65,1.1212
2019-08-13,4.64,1.4,17.52,1.68,1.1182
2019-08-14,4.64,1.4,22.1,1.59,1.1144
2019-08-15,4.64,1.4,21.18,1.52,1.1106
2019-08-16,4.64,1.4,18.47,1.55,1.1091
2019-08-19,4.64,1.4,16.88,1.6,1.1096
2019-08-20,4.64,1.4,17.5,1.55,1.1092
2019-08-21,4.64,1.4,15.8,1.59,1.1098
2019-08-22,4.64,1.4,16.68,1.62,1.1089
2019-08-23,4.64,1.4,19.87,1.52,1.1148
2019-08-26,4.64,1.4,19.32,1.54,1.1112
2019-08-27,4.64,1.4,20.31,1.49,1.1094
2019-08-28,4.64,1.4,19.35,1.47,1.1084
2019-08-29,4.64,1.4,17.88,1.5,1.1059
2019-08-30,4.64,1.4,18.98,1.5,1.0989
2019-09-02,4.64,1.4,18.98,1.5,1.0989
2019-09-03,4.64,1.4,19.66,1.47,1.0968
2019-09-04,4.64,1.4,17.33,1.47,1.1025
2019-09-05,4.64,1.4,16.27,1.57,1.1038
2019-09-06,4.64,1.4,15.0,1.55,1.1042
2019-09-09,4.64,1.4,15.27,1.63,1.1056
2019-09-10,4.64,1.4,15.2,1.72,1.1042
2019-09-11,4.64,1.4,14.61,1.75,1.1001
2019-09-12,4.64,1.4,14.22,1.79,1.1074
2019-09-13,4.64,1.4,13.74,1.9,1.1074
2019-09-16,4.64,1.4,14.67,1.84,1.1006
2019-09-17,4.64,1.4,14.44,1.81,1.1063
2019-09-18,4.64,1.4,13.95,1.8,1.1061
2019-09-19,4.64,1.4,14.05,1.79,1.1046
2019-09-20,4.64,1.4,15.32,1.74,1.1004
2019-09-23,4.64,1.4,14.91,1.72,1.0991
2019-09-24,4.64,1.4,17.05,1.64,1.0999
2019-09-25,4.64,1.4,15.96,1.73,1.0949
2019-09-26,4.64,1.4,16.07,1.7,1.0938
2019-09-27,4.64,1.4,17.22,1.69,1.0942
2019-09-30,4.64,1.4,16.24,1.68,1.0905
2019-10-01,4.64,1.4,18.56,1.65,1.0932
2019-10-02,4.64,1.4,20.56,1.6,1.0951
2019-10-03,4.64,1.4,19.12,1.54,1.0991
2019-10-04,4.64,1.4,17.04,1.52,1.0974
2019-10-07,4.64,1.4,17.86,1.56,1.0984
2019-10-08,4.64,1.4,20.28,1.54,1.0949
2019-10-09,4.64,1.4,18.64,1.59,1.0978
2019-10-10,4.64,1.4,17.57,1.67,1.1018
2019-10-11,4.64,1.4,15.58,1.76,1.1039
2019-10-14,4.64,1.4,14.57,1.76,1.1039
2019-10-15,4.64,1.4,13.54,1.77,1.1036
2019-10-16,4.64,1.4,13.68,1.75,1.1075
2019-10-17,4.64,1.4,13.79,1.76,1.1129
2019-10-18,4.64,1.4,14.25,1.76,1.1155
2019-10-21,4.64,1.4,14.0,1.8,1.1145
2019-10-22,4.64,1.4,14.46,1.78,1.1138
2019-10-23,4.64,1.4,14.01,1.77,1.1118
2019-10-24,4.64,1.4,13.71,1.77,1.1098
2019-10-25,4.64,1.4,12.65,1.8,1.1081
2019-10-28,4.64,1.4,13.11,1.85,1.1094
2019-10-29,4.64,1.4,13.2,1.84,1.1117
2019-10-30,4.64,1.4,12.33,1.78,1.1123
2019-10-31,4.64,1.4,13.22,1.69,1.1155
2019-11-01,4.64,1.4,12.3,1.73,1.1169
2019-11-04,4.64,1.4,12.83,1.79,1.1144
2019-11-05,4.64,1.4,13.1,1.86,1.107
2019-11-06,4.64,1.4,12.62,1.81,1.1076
2019-11-07,4.64,1.4,12.73,1.92,1.1045
2019-11-08,4.64,1.4,12.07,1.94,1.1019
2019-11-11,4.64,1.4,12.69,1.94,1.1019
2019-11-12,4.64,1.4,12.68,1.92,1.1017
2019-11-13,4.64,1.4,13.0,1.88,1.1004
2019-11-14,4.64,1.4,13.05,1.82,1.1016
2019-11-15,4.64,1.4,12.05,1.84,1.1046
2019-11-18,4.64,1.4,12.46,1.81,1.1079
2019-11-19,4.64,1.4,12.86,1.79,1.1075
2019-11-20,4.64,1.4,12.78,1.73,1.1063
2019-11-21,4.64,1.4,13.13,1.77,1.1067
2019-11-22,4.64,1.4,12.34,1.77,1.1029
2019-11-25,4.64,1.4,11.87,1.76,1.1009
2019-11-26,4.64,1.4,11.54,1.74,1.1012
2019-11-27,4.64,1.4,11.75,1.77,1.1002
2019-11-28,4.64,1.4,11.75,1.77,1.1002
2019-11-29,4.64,1.4,12.62,1.78,1.1019
2019-12-02,4.64,1.4,14.91,1.83,1.1075
2019-12-03,4.64,1.4,15.96,1.72,1.1089
2019-12-04,4.64,1.4,14.8,1.77,1.1076
2019-12-05,4.64,1.4,14.52,1.8,1.1104
2019-12-06,4.64,1.4,13.62,1.84,1.1052
2019-12-09,4.64,1.4,15.86,1.83,1.1067
2019-12-10,4.64,1.4,15.68,1.85,1.109
2019-12-11,4.64,1.4,14.99,1.79,1.1092
2019-12-12,4.64,1.4,13.94,1.9,1.1115
2019-12-13,4.64,1.4,12.63,1.82,1.1128
2019-12-16,4.64,1.4,12.14,1.89,1.1139
2019-12-17,4.64,1.4,12.29,1.89,1.1148
2019-12-18,4.64,1.4,12.58,1.92,1.1113
2019-12-19,4.64,1.4,12.5,1.92,1.1128
2019-12-20,4.64,1.4,12.51,1.92,1.1076
2019-12-23,4.64,1.4,12.61,1.93,1.1091
2019-12-24,4.64,1.4,12.67,1.9,1.1084
2019-12-25,4.64,1.4,12.67,1.9,1.1084
2019-12-26,4.64,1.4,12.65,1.9,1.1102
2019-12-27,4.64,1.4,13.43,1.88,1.1174
2019-12-30,4.64,1.4,14.82,1.9,1.1217
2019-12-31,4.64,1.4,13.78,1.92,1.1227
2020-01-01,4.64,1.4,13.78,1.92,1.1227
2020-01-02,4.64,1.4,12.47,1.88,1.1166
2020-01-03,4.64,1.4,14.02,1.8,1.1173
2020-01-06,4.64,1.4,13.85,1.81,1.1187
2020-01-07,4.64,1.4,13.79,1.83,1.1138
2020-01-08,4.64,1.4,13.45,1.87,1.1117
2020-01-09,4.64,1.4,12.54,1.85,1.1106
2020-01-10,4.64,1.4,12.56,1.83,1.1119
2020-01-13,4.64,1.4,12.32,1.85,1.1138
2020-01-14,4.64,1.4,12.39,1.82,1.113
2020-01-15,4.64,1.4,12.42,1.79,1.116
2020-01-16,4.64,1.4,12.32,1.81,1.1131
2020-01-17,4.64,1.4,12.1,1.84,1.1093
2020-01-20,4.64,1.4,12.1,1.84,1.1093
2020-01-21,4.64,1.4,12.85,1.78,1.1096
2020-01-22,4.64,1.4,12.91,1.77,1.1085
2020-01-23,4.64,1.4,12.98,1.74,1.1041
2020-01-24,4.64,1.4,14.56,1.7,1.1026
2020-01-27,4.64,1.4,18.23,1.61,1.1019
2020-01-28,4.64,1.4,16.28,1.65,1.1008
2020-01-29,4.64,1.4,16.39,1.6,1.1004
2020-01-30,4.64,1.4,15.49,1.57,1.1032
2020-01-31,4.64,1.4,18.84,1.51,1.1082
2020-02-03,4.64,1.4,17.97,1.54,1.1062
2020-02-04,4.64,1.4,16.05,1.61,1.1043
2020-02-05,4.64,1.4,15.15,1.66,1.1006
2020-02-06,4.64,1.4,14.96,1.65,1.0979
2020-02-07,4.64,1.4,15.47,1.59,1.095
2020-02-10,4.64,1.4,15.04,1.56,1.0916
2020-02-11,4.64,1.4,15.18,1.59,1.0917
2020-02-12,4.64,1.4,13.74,1.62,1.0893
2020-02-13,4.64,1.4,14.15,1.61,1.0848
2020-02-14,4.64,1.4,13.68,1.59,1.0839
2020-02-17,4.64,1.4,13.68,1.59,1.0839
2020-02-18,4.64,1.4,14.83,1.55,1.0815
2020-02-19,4.64,1.4,14.38,1.56,1.0794
2020-02-20,4.64,1.4,15.56,1.52,1.0797
2020-02-21,4.64,1.4,17.08,1.46,1.0855
2020-02-24,4.64,1.4,25.03,1.38,1.0857
2020-02-25,4.64,1.4,27.85,1.33,1.0868
2020-02-26,4.64,1.4,27.56,1.33,1.0887
2020-02-27,4.64,1.4,39.16,1.3,1.0977
2020-02-28,4.64,1.4,40.11,1.13,1.1001
2020-03-02,4.64,1.4,33.42,1.1,1.1164
2020-03-03,4.64,1.4,36.82,1.02,1.1175
2020-03-04,4.64,1.4,31.99,1.02,1.113
2020-03-05,4.64,1.4,39.62,0.92,1.1202
2020-03-06,4.64,1.4,41.94,0.74,1.1319
2020-03-09,4.64,1.4,54.46,0.54,1.142
2020-03-10,4.64,1.4,47.3,0.76,1.1342
2020-03-11,4.64,1.4,53.9,0.82,1.128
2020-03-12,4.64,1.4,75.47,0.88,1.1081
2020-03-13,4.64,1.4,57.83,0.94,1.1066
2020-03-16,4.64,1.4,82.69,0.73,1.1139
2020-03-17,4.64,1.4,75.91,1.02,1.0971
2020-03-18,4.64,1.4,76.45,1.18,1.0833
2020-03-19,4.64,1.4,72.0,1.12,1.0699
2020-03-20,4.64,1.4,66.04,0.92,1.0682
2020-03-23,4.64,1.4,61.59,0.76,1.076
2020-03-24,4.64,1.4,61.67,0.84,1.0794
2020-03-25,4.64,1.4,63.95,0.88,1.0835
2020-03-26,4.64,1.4,61.0,0.83,1.1025
2020-03-27,4.64,1.4,65.54,0.72,1.1059
2020-03-30,4.64,1.4,57.08,0.7,1.1018
2020-03-31,4.64,1.4,53.54,0.7,1.1016
2020-04-01,4.64,1.4,57.06,0.62,1.0934
2020-04-02,4.64,1.4,50.91,0.63,1.0862
2020-04-03,4.64,1.4,46.8,0.62,1.0797
2020-04-06,4.64,1.4,45.24,0.67,1.0808
2020-04-07,4.64,1.4,46.7,0.75,1.0886
2020-04-08,4.64,1.4,43.35,0.77,1.0864
2020-04-09,4.64,1.4,41.67,0.73,1.0931
2020-04-10,4.64,1.4,41.67,0.73,1.0951
2020-04-13,4.64,1.4,41.17,0.76,1.0906
2020-04-14,4.64,1.4,37.76,0.76,1.0971
2020-04-15,4.64,1.4,40.84,0.63,1.0909
2020-04-16,4.64,1.4,40.11,0.61,1.084
2020-04-17,4.64,1.4,38.15,0.65,1.0883
2020-04-20,4.64,1.4,43.83,0.63,1.0874
2020-04-21,4.64,1.4,45.41,0.58,1.0854
2020-04-22,4.64,1.4,41.98,0.63,1.0829
2020-04-23,4.64,1.4,41.38,0.61,1.0815
2020-04-24,4.64,1.4,35.93,0.6,1.0798
2020-04-27,4.64,1.4,33.29,0.67,1.0829
2020-04-28,4.64,1.4,33.57,0.62,1.0836
2020-04-29,4.64,1.4,31.23,0.63,1.0853
2020-04-30,4.64,1.4,34.15,0.64,1.0934
2020-05-01,4.64,1.4,37.19,0.64,1.0998
2020-05-04,4.64,1.4,35.97,0.64,1.0911
2020-05-05,4.64,1.4,33.61,0.66,1.0844
2020-05-06,4.64,1.4,34.12,0.72,1.0806
2020-05-07,4.64,1.4,31.44,0.63,1.0815
2020-05-08,4.64,1.4,27.98,0.69,1.0854
2020-05-11,4.64,1.4,27.57,0.73,1.0818
2020-05-12,4.64,1.4,33.04,0.69,1.0864
2020-05-13,4.64,1.4,35.28,0.64,1.0837
2020-05-14,4.64,1.4,32.61,0.63,1.08
2020-05-15,4.64,1.4,31.89,0.64,1.0816
2020-05-18,4.64,1.4,29.3,0.73,1.0904
2020-05-19,4.64,1.4,30.53,0.7,1.0937
2020-05-20,4.64,1.4,27.99,0.68,1.098
2020-05-21,4.64,1.4,29.53,0.68,1.0953
2020-05-22,4.64,1.4,28.16,0.66,1.0894
2020-05-25,4.64,1.4,28.16,0.66,1.0894
2020-05-26,4.64,1.4,28.01,0.69,1.097
2020-05-27,4.64,1.4,27.62,0.68,1.0969
2020-05-28,4.64,1.4,28.59,0.7,1.1069
2020-05-29,4.64,1.4,27.51,0.65,1.1107
2020-06-01,4.64,1.4,28.23,0.66,1.1123
2020-06-02,4.64,1.4,26.84,0.68,1.1166
2020-06-03,4.64,1.4,25.66,0.77,1.1246
2020-06-04,4.64,1.4,25.81,0.82,1.1322
2020-06-05,4.64,1.4,24.52,0.91,1.1297
2020-06-08,4.64,1.4,25.81,0.88,1.1293
2020-06-09,4.64,1.4,27.57,0.84,1.1348
2020-06-10,4.64,1.4,27.57,0.75,1.1355
2020-06-11,4.64,1.4,40.79,0.66,1.1378
2020-06-12,4.64,1.4,36.09,0.71,1.1253
2020-06-15,4.64,1.4,34.4,0.71,1.127
2020-06-16,4.64,1.4,33.67,0.75,1.1259
2020-06-17,4.64,1.4,33.47,0.74,1.1219
2020-06-18,4.64,1.4,32.94,0.71,1.1216
2020-06-19,4.64,1.4,35.12,0.7,1.1189
2020-06-22,4.64,1.4,31.77,0.71,1.126
2020-06-23,4.64,1.4,31.37,0.72,1.1322
2020-06-24,4.64,1.4,33.84,0.69,1.1272
2020-06-25,4.64,1.4,32.22,0.68,1.1221
2020-06-26,4.64,1.4,34.73,0.64,1.1215
2020-06-29,4.64,1.4,31.78,0.64,1.1237
2020-06-30,4.64,1.4,30.43,0.66,1.1237
2020-07-01,4.64,1.4,28.62,0.69,1.1259
2020-07-02,4.64,1.4,27.68,0.68,1.1237
2020-07-03,4.64,1.4,27.68,0.68,1.1237
2020-07-06,4.64,1.4,27.94,0.69,1.1307
2020-07-07,4.64,1.4,29.43,0.65,1.1299
2020-07-08,4.64,1.4,28.08,0.67,1.1329
2020-07-09,4.64,1.4,29.26,0.62,1.1298
2020-07-10,4.64,1.4,27.29,0.65,1.1318
2020-07-13,4.64,1.4,32.19,0.64,1.1364
2020-07-14,4.64,1.4,29.52,0.63,1.1406
2020-07-15,4.64,1.4,27.76,0.64,1.1406
2020-07-16,4.64,1.4,28.0,0.62,1.1433
2020-07-17,4.64,1.4,25.68,0.64,1.1438
2020-07-20,4.64,1.4,24.46,0.62,1.1442
2020-07-21,4.64,1.4,24.84,0.61,1.1495
2020-07-22,4.64,1.4,24.32,0.6,1.1587
2020-07-23,4.64,1.4,26.08,0.59,1.1623
2020-07-24,4.64,1.4,25.84,0.59,1.1635
2020-07-27,4.64,1.4,24.74,0.62,1.175
2020-07-28,4.64,1.4,25.44,0.59,1.1733
2020-07-29,4.64,1.4,24.1,0.58,1.177
2020-07-30,4.64,1.4,24.76,0.55,1.1791
2020-07-31,4.64,1.4,24.46,0.55,1.1822
2020-08-03,4.64,1.4,24.28,0.56,1.175
2020-08-04,4.64,1.4,23.76,0.52,1.1766
2020-08-05,4.64,1.4,22.99,0.55,1.1898
2020-08-06,4.64,1.4,22.65,0.55,1.1856
2020-08-07,4.64,1.4,22.21,0.57,1.1776
2020-08-10,4.64,1.4,22.13,0.59,1.1756
2020-08-11,4.64,1.4,24.03,0.64,1.1764
2020-08-12,4.64,1.4,22.28,0.69,1.1796
2020-08-13,4.64,1.4,22.13,0.71,1.1818
2020-08-14,4.64,1.4,22.05,0.71,1.1833
2020-08-17,4.64,1.4,21.35,0.69,1.1869
2020-08-18,4.64,1.4,21.51,0.67,1.1928
2020-08-19,4.64,1.4,22.54,0.68,1.1898
2020-08-20,4.64,1.4,22.72,0.65,1.1862
2020-08-21,4.64,1.4,22.54,0.64,1.1775
2020-08-24,4.64,1.4,22.37,0.65,1.1803
2020-08-25,4.64,1.4,22.03,0.69,1.1818
2020-08-26,4.64,1.4,23.27,0.69,1.1813
2020-08-27,4.64,1.4,24.47,0.74,1.1824
2020-08-28,4.64,1.4,22.96,0.74,1.1901
2020-08-31,4.64,1.4,26.41,0.72,1.195
2020-09-01,4.64,1.4,26.12,0.68,1.1949
2020-09-02,4.64,1.4,26.57,0.66,1.184
2020-09-03,4.64,1.4,33.6,0.63,1.1832
2020-09-04,4.64,1.4,30.75,0.72,1.182
2020-09-07,4.64,1.4,30.75,0.72,1.182
2020-09-08,4.64,1.4,31.46,0.69,1.1789
2020-09-09,4.64,1.4,28.81,0.71,1.181
2020-09-10,4.64,1.4,29.71,0.68,1.188
2020-09-11,4.64,1.4,26.87,0.67,1.1831
2020-09-14,4.64,1.4,25.85,0.68,1.1874
2020-09-15,4.64,1.4,25.59,0.68,1.1846
2020-09-16,4.64,1.4,26.04,0.69,1.1835
2020-09-17,4.64,1.4,26.46,0.69,1.1823
2020-09-18,4.64,1.4,25.83,0.7,1.1857
2020-09-21,4.64,1.4,27.78,0.68,1.1737
2020-09-22,4.64,1.4,26.86,0.68,1.1703
2020-09-23,4.64,1.4,28.58,0.68,1.1677
2020-09-24,4.64,1.4,28.51,0.67,1.1666
2020-09-25,4.64,1.4,26.38,0.66,1.1618
2020-09-28,4.64,1.4,26.19,0.67,1.166
2020-09-29,4.64,1.4,26.27,0.66,1.1717
2020-09-30,4.64,1.4,26.37,0.69,1.1723
2020-10-01,4.64,1.4,26.7,0.68,1.1752
2020-10-02,4.64,1.4,27.63,0.7,1.1706
2020-10-05,4.64,1.4,27.96,0.78,1.1784
2020-10-06,4.64,1.4,29.48,0.76,1.1778
2020-10-07,4.64,1.4,28.06,0.81,1.1766
2020-10-08,4.64,1.4,26.36,0.78,1.1753
2020-10-09,4.64,1.4,25.0,0.79,1.1819
2020-10-12,4.64,1.4,25.07,0.79,1.1819
2020-10-13,4.64,1.4,26.07,0.74,1.1737
2020-10-14,4.64,1.4,26.4,0.73,1.1755
2020-10-15,4.64,1.4,26.97,0.74,1.1701
2020-10-16,4.64,1.4,27.41,0.76,1.1717
2020-10-19,4.64,1.4,29.18,0.78,1.1788
2020-10-20,4.64,1.4,29.35,0.81,1.1824
2020-10-21,4.64,1.4,28.65,0.83,1.187
2020-10-22,4.64,1.4,28.11,0.87,1.1824
2020-10-23,4.64,1.4,27.55,0.85,1.1844
2020-10-26,4.64,1.4,32.46,0.81,1.1816
2020-10-27,4.64,1.4,33.35,0.79,1.1834
2020-10-28,4.64,1.4,40.28,0.79,1.1751
2020-10-29,4.64,1.4,37.59,0.85,1.1658
2020-10-30,4.64,1.4,38.02,0.88,1.1647
2020-11-02,4.64,1.4,37.13,0.87,1.1634
2020-11-03,4.64,1.4,35.55,0.9,1.1724
2020-11-04,4.64,1.4,29.57,0.78,1.173
2020-11-05,4.64,1.4,27.58,0.79,1.1809
2020-11-06,4.64,1.4,24.86,0.83,1.1886
2020-11-09,4.64,1.4,25.75,0.96,1.1811
2020-11-10,4.64,1.4,24.8,0.98,1.181
2020-11-11,4.64,1.4,23.45,0.98,1.181
2020-11-12,4.64,1.4,25.35,0.88,1.1814
2020-11-13,4.64,1.4,23.1,0.89,1.1824
2020-11-16,4.64,1.4,22.45,0.91,1.1844
2020-11-17,4.64,1.4,22.71,0.87,1.1862
2020-11-18,4.64,1.4,23.84,0.88,1.1869
2020-11-19,4.64,1.4,23.11,0.86,1.1843
2020-11-20,4.64,1.4,23.7,0.83,1.1857
2020-11-23,4.64,1.4,22.66,0.86,1.1826
2020-11-24,4.64,1.4,21.64,0.88,1.1874
2020-11-25,4.64,1.4,21.25,0.88,1.1908
2020-11-26,4.64,1.4,21.25,0.88,1.1908
2020-11-27,4.64,1.4,20.84,0.84,1.1908
2020-11-30,4.64,1.4,20.57,0.84,1.1948
2020-12-01,4.64,1.4,20.77,0.92,1.2039
2020-12-02,4.64,1.4,21.17,0.95,1.2093
2020-12-03,4.64,1.4,21.28,0.92,1.2152
2020-12-04,4.64,1.4,20.79,0.97,1.2142
2020-12-07,4.64,1.4,21.3,0.94,1.2138
2020-12-08,4.64,1.4,20.68,0.92,1.2111
2020-12-09,4.64,1.4,22.27,0.95,1.208
2020-12-10,4.64,1.4,22.52,0.92,1.2118
2020-12-11,4.64,1.4,23.31,0.9,1.2112
2020-12-14,4.64,1.4,24.72,0.9,1.2145
2020-12-15,4.64,1.4,22.89,0.92,1.2158
2020-12-16,4.64,1.4,22.5,0.92,1.2175
2020-12-17,4.64,1.4,21.93,0.94,1.2258
2020-12-18,4.64,1.4,21.57,0.95,1.2236
2020-12-21,4.64,1.4,25.16,0.95,1.223
2020-12-22,4.64,1.4,24.23,0.93,1.2172
2020-12-23,4.64,1.4,23.31,0.96,1.2194
2020-12-24,4.64,1.4,21.53,0.94,1.2194
2020-12-25,4.64,1.4,21.53,0.94,1.2194
2020-12-28,4.64,1.4,21.7,0.94,1.2213
2020-12-29,4.64,1.4,23.08,0.94,1.2252
2020-12-30,4.64,1.4,22.77,0.93,1.228
2020-12-31,4.64,1.4,22.75,0.93,1.223
2021-01-01,4.64,1.4,22.75,0.93,1.223
2021-01-04,4.64,1.4,26.97,0.93,1.2254
2021-01-05,4.64,1.4,25.34,0.96,1.2295
2021-01-06,4.64,1.4,25.07,1.04,1.229
2021-01-07,4.64,1.4,22.37,1.08,1.2265
2021-01-08,4.64,1.4,21.56,1.13,1.2252
2021-01-11,4.64,1.4,24.08,1.15,1.2169
2021-01-12,4.64,1.4,23.33,1.15,1.2168
2021-01-13,4.64,1.4,22.21,1.1,1.2159
2021-01-14,4.64,1.4,23.25,1.15,1.2156
2021-01-15,4.64,1.4,24.34,1.11,1.2099
2021-01-18,4.64,1.4,24.34,1.11,1.2099
2021-01-19,4.64,1.4,23.24,1.1,1.2126
2021-01-20,4.64,1.4,21.58,1.1,1.2126
2021-01-21,4.64,1.4,21.32,1.12,1.2143
2021-01-22,4.64,1.4,21.91,1.1,1.2179
2021-01-25,4.64,1.4,23.19,1.05,1.2138
2021-01-26,4.64,1.4,23.02,1.05,1.2147
2021-01-27,4.64,1.4,37.21,1.04,1.2101
2021-01-28,4.64,1.4,30.21,1.07,1.2122
2021-01-29,4.64,1.4,33.09,1.11,1.2135
2021-02-01,4.64,1.4,30.24,1.09,1.207
2021-02-02,4.64,1.4,25.56,1.12,1.202
2021-02-03,4.64,1.4,22.91,1.15,1.2025
2021-02-04,4.64,1.4,21.77,1.15,1.1974
2021-02-05,4.64,1.4,20.87,1.19,1.2035
2021-02-08,4.64,1.4,21.24,1.19,1.2045
2021-02-09,4.64,1.4,21.63,1.18,1.2106
2021-02-10,4.64,1.4,21.99,1.15,1.2132
2021-02-11,4.64,1.4,21.25,1.16,1.2127
2021-02-12,4.64,1.4,19.97,1.2,1.2126
2021-02-15,4.64,1.4,19.97,1.2,1.2126
2021-02-16,4.64,1.4,21.46,1.3,1.2107
2021-02-17,4.64,1.4,21.5,1.29,1.2042
2021-02-18,4.64,1.4,22.49,1.29,1.2078
2021-02-19,4.64,1.4,22.05,1.34,1.2136
2021-02-22,4.64,1.4,23.45,1.37,1.2155
2021-02-23,4.64,1.4,23.11,1.37,1.2142
2021-02-24,4.64,1.4,21.34,1.38,1.2143
2021-02-25,4.64,1.4,28.89,1.54,1.2229
2021-02-26,4.64,1.4,27.95,1.44,1.2093
2021-03-01,4.64,1.4,23.35,1.45,1.2054
2021-03-02,4.64,1.4,24.1,1.42,1.2079
2021-03-03,4.64,1.4,26.67,1.47,1.2073
2021-03-04,4.64,1.4,28.57,1.54,1.2045
2021-03-05,4.64,1.4,24.66,1.56,1.1914
2021-03-08,4.64,1.4,25.47,1.59,1.1849
2021-03-09,4.64,1.4,24.03,1.55,1.1885
2021-03-10,4.64,1.4,22.56,1.53,1.19
2021-03-11,4.64,1.4,21.91,1.54,1.1978
2021-03-12,4.64,1.4,20.69,1.64,1.1952
2021-03-15,4.64,1.4,20.03,1.62,1.1917
2021-03-16,4.64,1.4,19.79,1.62,1.1895
2021-03-17,4.64,1.4,19.23,1.63,1.1905
2021-03-18,4.64,1.4,21.58,1.71,1.1926
2021-03-19,4.64,1.4,20.95,1.74,1.1909
2021-03-22,4.64,1.4,18.88,1.69,1.1932
2021-03-23,4.64,1.4,20.3,1.63,1.1872
2021-03-24,4.64,1.4,21.2,1.62,1.1831
2021-03-25,4.64,1.4,19.81,1.63,1.1777
2021-03-26,4.64,1.4,18.86,1.67,1.1798
2021-03-29,4.64,1.4,20.74,1.73,1.1779
2021-03-30,4.64,1.4,19.61,1.73,1.1724
2021-03-31,4.64,1.4,19.4,1.74,1.1743
2021-04-01,4.64,1.4,17.33,1.69,1.1772
2021-04-02,4.64,1.4,17.33,1.72,1.1763
2021-04-05,4.64,1.4,17.91,1.73,1.181
2021-04-06,4.64,1.4,18.12,1.67,1.1852
2021-04-07,4.64,1.4,17.16,1.68,1.189
2021-04-08,4.64,1.4,16.95,1.64,1.1904
2021-04-09,4.64,1.4,16.69,1.67,1.1897
2021-04-12,4.64,1.4,16.91,1.69,1.1907
2021-04-13,4.64,1.4,16.65,1.64,1.1939
2021-04-14,4.64,1.4,16.99,1.64,1.1974
2021-04-15,4.64,1.4,16.57,1.56,1.1964
2021-04-16,4.64,1.4,16.25,1.59,1.198
2021-04-19,4.64,1.4,17.29,1.61,1.2028
2021-04-20,4.64,1.4,18.68,1.58,1.2045
2021-04-21,4.64,1.4,17.5,1.57,1.2033
2021-04-22,4.64,1.4,18.71,1.57,1.2012
2021-04-23,4.64,1.4,17.33,1.58,1.2069
2021-04-26,4.64,1.4,17.64,1.58,1.2083
2021-04-27,4.64,1.4,17.56,1.63,1.2079
2021-04-28,4.64,1.4,17.28,1.63,1.2098
2021-04-29,4.64,1.4,17.61,1.65,1.211
2021-04-30,4.64,1.4,18.61,1.65,1.203
2021-05-03,4.64,1.4,18.31,1.63,1.2059
2021-05-04,4.64,1.4,19.48,1.61,1.2014
2021-05-05,4.64,1.4,19.15,1.59,1.2003
2021-05-06,4.64,1.4,18.39,1.58,1.2049
2021-05-07,4.64,1.4,16.69,1.6,1.2165
2021-05-10,4.64,1.4,19.66,1.63,1.217
2021-05-11,4.64,1.4,21.84,1.64,1.2169
2021-05-12,4.64,1.4,27.59,1.69,1.2074
2021-05-13,4.64,1.4,23.13,1.66,1.207
2021-05-14,4.64,1.4,18.81,1.63,1.2141
2021-05-17,4.64,1.4,19.72,1.64,1.2155
2021-05-18,4.64,1.4,21.34,1.64,1.2203
2021-05-19,4.64,1.4,22.18,1.68,1.2216
2021-05-20,4.64,1.4,20.67,1.63,1.2225
2021-05-21,4.64,1.4,20.15,1.63,1.2178
2021-05-24,4.64,1.4,18.4,1.61,1.221
2021-05-25,4.64,1.4,18.84,1.56,1.2233
2021-05-26,4.64,1.4,17.36,1.58,1.2204
2021-05-27,4.64,1.4,16.74,1.61,1.2194
2021-05-28,4.64,1.4,16.76,1.58,1.2194
2021-05-31,4.64,1.4,16.76,1.58,1.2194
2021-06-01,4.64,1.4,17.9,1.62,1.2241
2021-06-02,4.64,1.4,17.48,1.59,1.2213
2021-06-03,4.64,1.4,18.04,1.63,1.2122
2021-06-04,4.64,1.4,16.42,1.56,1.2173
2021-06-07,4.64,1.4,16.42,1.57,1.22
2021-06-08,4.64,1.4,17.07,1.53,1.218
2021-06-09,4.64,1.4,17.89,1.5,1.2184
2021-06-10,4.64,1.4,16.1,1.45,1.2173
2021-06-11,4.64,1.4,15.65,1.47,1.2101
2021-06-14,4.64,1.4,16.39,1.51,1.2126
2021-06-15,4.64,1.4,17.02,1.51,1.212
2021-06-16,4.64,1.4,18.15,1.57,1.2119
2021-06-17,4.64,1.4,17.75,1.52,1.1911
2021-06-18,4.64,1.4,20.7,1.45,1.1872
2021-06-21,4.64,1.4,17.89,1.5,1.1909
2021-06-22,4.64,1.4,16.66,1.48,1.191
2021-06-23,4.64,1.4,16.32,1.5,1.195
2021-06-24,4.64,1.4,15.97,1.49,1.1927
2021-06-25,4.64,1.4,15.62,1.54,1.194
2021-06-28,4.64,1.4,15.76,1.49,1.1938
2021-06-29,4.64,1.4,16.02,1.49,1.1905
2021-06-30,4.64,1.4,15.83,1.45,1.1848
2021-07-01,4.64,1.4,15.48,1.48,1.1857
2021-07-02,4.64,1.4,15.07,1.44,1.1848
2021-07-05,4.64,1.4,15.07,1.44,1.1848
2021-07-06,4.64,1.4,16.44,1.37,1.1816
2021-07-07,4.64,1.4,16.2,1.33,1.1803
2021-07-08,4.64,1.4,19.0,1.3,1.184
2021-07-09,4.64,1.4,16.18,1.37,1.1861
2021-07-12,4.64,1.4,16.17,1.38,1.1858
2021-07-13,4.64,1.4,17.12,1.42,1.1813
2021-07-14,4.64,1.4,16.33,1.37,1.1826
2021-07-15,4.64,1.4,17.01,1.31,1.1806
2021-07-16,4.64,1.4,18.45,1.31,1.181
2021-07-19,4.64,1.4,22.5,1.19,1.1804
2021-07-20,4.64,1.4,19.73,1.23,1.1776
2021-07-21,4.64,1.4,17.91,1.3,1.1799
2021-07-22,4.64,1.4,17.69,1.27,1.1771
2021-07-23,4.64,1.4,17.2,1.3,1.1761
2021-07-26,4.64,1.4,17.58,1.29,1.181
2021-07-27,4.64,1.4,19.36,1.25,1.1831
2021-07-28,4.64,1.4,18.31,1.26,1.1809
2021-07-29,4.64,1.4,17.7,1.28,1.1886
2021-07-30,4.64,1.4,18.24,1.24,1.1864
2021-08-02,4.64,1.4,19.46,1.2,1.1873
2021-08-03,4.64,1.4,18.04,1.19,1.1859
2021-08-04,4.64,1.4,17.97,1.19,1.1841
2021-08-05,4.64,1.4,17.28,1.23,1.1838
2021-08-06,4.64,1.4,16.15,1.31,1.1761
2021-08-09,4.64,1.4,16.72,1.33,1.1749
2021-08-10,4.64,1.4,16.79,1.36,1.1722
2021-08-11,4.64,1.4,16.06,1.35,1.1737
2021-08-12,4.64,1.4,15.59,1.36,1.1736
2021-08-13,4.64,1.4,15.45,1.29,1.1796
2021-08-16,4.64,1.4,16.12,1.26,1.1776
2021-08-17,4.64,1.4,17.91,1.26,1.1714
2021-08-18,4.64,1.4,21.57,1.27,1.1702
2021-08-19,4.64,1.4,21.67,1.24,1.1693
2021-08-20,4.64,1.4,18.56,1.26,1.169
2021-08-23,4.64,1.4,17.15,1.25,1.1732
2021-08-24,4.64,1.4,17.22,1.29,1.1746
2021-08-25,4.64,1.4,16.79,1.35,1.1758
2021-08-26,4.64,1.4,18.84,1.34,1.1761
2021-08-27,4.64,1.4,16.39,1.31,1.1794
2021-08-30,4.64,1.4,16.19,1.29,1.1795
2021-08-31,4.64,1.4,16.48,1.3,1.18
2021-09-01,4.64,1.4,16.11,1.31,1.185
2021-09-02,4.64,1.4,16.41,1.29,1.1858
2021-09-03,4.64,1.4,16.41,1.33,1.1884
2021-09-06,4.64,1.4,16.41,1.33,1.1884
2021-09-07,4.64,1.4,18.14,1.38,1.1849
2021-09-08,4.64,1.4,17.96,1.35,1.1818
2021-09-09,4.64,1.4,18.8,1.3,1.1827
2021-09-10,4.64,1.4,20.95,1.35,1.1821
2021-09-13,4.64,1.4,19.37,1.33,1.1809
2021-09-14,4.64,1.4,19.46,1.28,1.1824
2021-09-15,4.64,1.4,18.18,1.31,1.1811
2021-09-16,4.64,1.4,18.69,1.34,1.1764
2021-09-17,4.64,1.4,20.81,1.37,1.1734
2021-09-20,4.64,1.4,25.71,1.31,1.1729
2021-09-21,4.64,1.4,24.36,1.33,1.1724
2021-09-22,4.64,1.4,20.87,1.32,1.1739
2021-09-23,4.64,1.4,18.63,1.41,1.1735
2021-09-24,4.64,1.4,17.75,1.47,1.1715
2021-09-27,4.64,1.4,18.76,1.48,1.1702
2021-09-28,4.64,1.4,23.25,1.54,1.1681
2021-09-29,4.64,1.4,22.56,1.55,1.1612
2021-09-30,4.64,1.4,23.14,1.52,1.1577
2021-10-01,4.64,1.4,21.15,1.48,1.1598
2021-10-04,4.64,1.4,22.96,1.49,1.1622
2021-10-05,4.64,1.4,21.3,1.54,1.1609
2021-10-06,4.64,1.4,21.0,1.53,1.1546
2021-10-07,4.64,1.4,19.54,1.58,1.1561
2021-10-08,4.64,1.4,18.77,1.61,1.1572
2021-10-11,4.64,1.4,20.0,1.61,1.1572
2021-10-12,4.64,1.4,19.85,1.59,1.1541
2021-10-13,4.64,1.4,18.64,1.56,1.1568
2021-10-14,4.64,1.4,16.86,1.52,1.1591
2021-10-15,4.64,1.4,16.3,1.59,1.1594
2021-10-18,4.64,1.4,16.31,1.59,1.1609
2021-10-19,4.64,1.4,15.7,1.65,1.1632
2021-10-20,4.64,1.4,15.49,1.65,1.1643
2021-10-21,4.64,1.4,15.01,1.68,1.1643
2021-10-22,4.64,1.4,15.43,1.66,1.1632
2021-10-25,4.64,1.4,15.24,1.64,1.1609
2021-10-26,4.64,1.4,15.98,1.63,1.159
2021-10-27,4.64,1.4,16.98,1.54,1.16
2021-10-28,4.64,1.4,16.53,1.57,1.1685
2021-10-29,4.64,1.4,16.26,1.55,1.1552
2021-11-01,4.64,1.4,16.41,1.58,1.1591
2021-11-02,4.64,1.4,16.03,1.56,1.1581
2021-11-03,4.64,1.4,15.1,1.6,1.1584
2021-11-04,4.64,1.4,15.44,1.53,1.1546
2021-11-05,4.64,1.4,16.48,1.45,1.1554
2021-11-08,4.64,1.4,17.22,1.51,1.159
2021-11-09,4.64,1.4,17.78,1.46,1.1589
2021-11-10,4.64,1.4,18.73,1.56,1.1517
2021-11-11,4.64,1.4,17.66,1.56,1.1517
2021-11-12,4.64,1.4,16.29,1.58,1.1443
2021-11-15,4.64,1.4,16.49,1.63,1.1421
2021-11-16,4.64,1.4,16.37,1.63,1.1333
2021-11-17,4.64,1.4,17.11,1.6,1.1322
2021-11-18,4.64,1.4,17.59,1.59,1.1358
2021-11-19,4.64,1.4,17.91,1.54,1.1318
2021-11-22,4.64,1.4,19.17,1.63,1.126
2021-11-23,4.64,1.4,19.38,1.67,1.1265
2021-11-24,4.64,1.4,18.58,1.64,1.1196
2021-11-25,4.64,1.4,18.58,1.64,1.1196
2021-11-26,4.64,1.4,28.62,1.48,1.1302
2021-11-29,4.64,1.4,22.96,1.52,1.1261
2021-11-30,4.64,1.4,27.19,1.43,1.1287
2021-12-01,4.64,1.4,31.12,1.43,1.1323
2021-12-02,4.64,1.4,27.95,1.44,1.1306
2021-12-03,4.64,1.4,30.67,1.35,1.1308
2021-12-06,4.64,1.4,27.18,1.43,1.1282
2021-12-07,4.64,1.4,21.89,1.48,1.1247
2021-12-08,4.64,1.4,19.9,1.52,1.133
2021-12-09,4.64,1.4,21.58,1.49,1.1285
2021-12-10,4.64,1.4,18.69,1.48,1.1312
2021-12-13,4.64,1.4,20.31,1.42,1.1298
2021-12-14,4.64,1.4,21.89,1.44,1.1267
2021-12-15,4.64,1.4,19.29,1.47,1.1261
2021-12-16,4.64,1.4,20.57,1.44,1.1309
2021-12-17,4.64,1.4,21.57,1.41,1.1277
2021-12-20,4.64,1.4,22.87,1.43,1.1298
2021-12-21,4.64,1.4,21.01,1.48,1.1272
2021-12-22,4.64,1.4,18.63,1.46,1.1324
2021-12-23,4.64,1.4,17.96,1.5,1.132
2021-12-24,4.64,1.4,17.96,1.5,1.132
2021-12-27,4.64,1.4,17.68,1.48,1.1329
2021-12-28,4.64,1.4,17.54,1.49,1.1314
2021-12-29,4.64,1.4,16.95,1.55,1.1337
2021-12-30,4.64,1.4,17.33,1.52,1.1318
2021-12-31,4.64,1.4,17.22,1.52,1.1318
2022-01-03,4.64,1.4,16.6,1.63,1.129
2022-01-04,4.64,1.4,16.91,1.66,1.1296
2022-01-05,4.64,1.4,19.73,1.71,1.1335
2022-01-06,4.64,1.4,19.61,1.73,1.1307
2022-01-07,4.64,1.4,18.76,1.76,1.1358
2022-01-10,4.64,1.4,19.4,1.78,1.1328
2022-01-11,4.64,1.4,18.41,1.75,1.1363
2022-01-12,4.64,1.4,17.62,1.74,1.1431
2022-01-13,4.64,1.4,20.31,1.7,1.1464
2022-01-14,4.64,1.4,19.19,1.78,1.1414
2022-01-17,4.64,1.4,19.19,1.78,1.1414
2022-01-18,4.64,1.4,22.79,1.87,1.1336
2022-01-19,4.64,1.4,23.85,1.83,1.1346
2022-01-20,4.64,1.4,25.59,1.83,1.1336
2022-01-21,4.64,1.4,28.85,1.75,1.1346
2022-01-24,4.64,1.4,29.9,1.75,1.131
2022-01-25,4.64,1.4,31.16,1.78,1.1283
2022-01-26,4.64,1.4,31.96,1.85,1.1279
2022-01-27,4.64,1.4,30.49,1.81,1.1141
2022-01-28,4.64,1.4,27.66,1.78,1.116
2022-01-31,4.64,1.4,24.83,1.79,1.1212
2022-02-01,4.64,1.4,21.96,1.81,1.1239
2022-02-02,4.64,1.4,22.09,1.78,1.1299
2022-02-03,4.64,1.4,24.35,1.82,1.1425
2022-02-04,4.64,1.4,23.22,1.93,1.1455
2022-02-07,4.64,1.4,22.86,1.92,1.1434
2022-02-08,4.64,1.4,21.44,1.96,1.1416
2022-02-09,4.64,1.4,19.96,1.94,1.1435
2022-02-10,4.64,1.4,23.91,2.03,1.1487
2022-02-11,4.64,1.4,27.36,1.92,1.1404
2022-02-14,4.64,1.4,28.33,1.98,1.1306
2022-02-15,4.64,1.4,25.7,2.05,1.1363
2022-02-16,4.64,1.4,24.29,2.03,1.1381
2022-02-17,4.64,1.4,28.11,1.97,1.1364
2022-02-18,4.64,1.4,27.75,1.92,1.1327
2022-02-21,4.64,1.4,27.75,1.92,1.1327
2022-02-22,4.64,1.4,28.81,1.94,1.1342
2022-02-23,4.64,1.4,31.02,1.99,1.1316
2022-02-24,4.64,1.4,30.32,1.96,1.1154
2022-02-25,4.64,1.4,27.59,1.97,1.1261
2022-02-28,4.64,1.4,30.15,1.83,1.1224
2022-03-01,4.64,1.4,33.32,1.72,1.1103
2022-03-02,4.64,1.4,30.74,1.86,1.1102
2022-03-03,4.64,1.4,30.48,1.86,1.1053
2022-03-04,4.64,1.4,31.98,1.74,1.0912
2022-03-07,4.64,1.4,36.45,1.78,1.086
2022-03-08,4.64,1.4,35.13,1.86,1.0881
2022-03-09,4.64,1.4,32.45,1.94,1.1069
2022-03-10,4.64,1.4,30.23,1.98,1.1007
2022-03-11,4.64,1.4,30.75,2.0,1.0937
2022-03-14,4.64,1.4,31.77,2.14,1.0979
2022-03-15,4.64,1.4,29.83,2.15,1.0974
2022-03-16,4.64,1.4,26.67,2.19,1.0996
2022-03-17,4.64,1.4,25.67,2.2,1.111
2022-03-18,4.64,1.4,23.87,2.14,1.1044
2022-03-21,4.64,1.4,23.53,2.32,1.1048
2022-03-22,4.64,1.4,22.94,2.38,1.1022
2022-03-23,4.64,1.4,23.57,2.32,1.1001
2022-03-24,4.64,1.4,21.67,2.34,1.1006
2022-03-25,4.64,1.4,20.81,2.48,1.0985
2022-03-28,4.64,1.4,19.63,2.46,1.0977
2022-03-29,4.64,1.4,18.9,2.41,1.1104
2022-03-30,4.64,1.4,19.33,2.35,1.1163
2022-03-31,4.64,1.4,20.56,2.32,1.1093
2022-04-01,4.64,1.4,19.63,2.39,1.1043
2022-04-04,4.64,1.4,18.57,2.42,1.0992
2022-04-05,4.64,1.4,21.03,2.54,1.0921
2022-04-06,4.64,1.4,22.1,2.61,1.0913
2022-04-07,4.64,1.4,21.55,2.66,1.09
2022-04-08,4.64,1.4,21.16,2.72,1.0874
2022-04-11,4.64,1.4,24.37,2.79,1.0875
2022-04-12,4.64,1.4,24.26,2.72,1.0852
2022-04-13,4.64,1.4,21.82,2.7,1.0874
2022-04-14,4.64,1.4,22.7,2.83,1.0796
2022-04-15,4.64,1.4,22.7,2.83,1.0812
2022-04-18,4.64,1.4,22.17,2.85,1.0785
2022-04-19,4.64,1.4,21.37,2.93,1.0789
2022-04-20,4.64,1.4,20.32,2.85,1.0857
2022-04-21,4.64,1.4,22.68,2.9,1.0839
2022-04-22,4.64,1.4,28.21,2.9,1.079
2022-04-25,4.64,1.4,27.02,2.81,1.0703
2022-04-26,4.64,1.4,33.52,2.77,1.0661
2022-04-27,4.64,1.4,31.6,2.82,1.0549
2022-04-28,4.64,1.4,29.99,2.85,1.05
2022-04-29,4.64,1.4,33.4,2.89,1.0537
2022-05-02,4.64,1.4,32.34,2.99,1.0521
2022-05-03,4.64,1.4,29.25,2.97,1.0532
2022-05-04,4.64,1.4,25.42,2.93,1.0539
2022-05-05,4.64,1.4,31.2,3.05,1.0507
2022-05-06,4.64,1.4,30.19,3.12,1.0572
2022-05-09,4.64,1.4,34.75,3.05,1.0559
2022-05-10,4.64,1.4,32.99,2.99,1.0531
2022-05-11,4.64,1.4,32.56,2.91,1.0537
2022-05-12,4.64,1.4,31.77,2.84,1.0376
2022-05-13,4.64,1.4,28.87,2.93,1.041
2022-05-16,4.64,1.4,27.47,2.88,1.042
2022-05-17,4.64,1.4,26.1,2.98,1.0532
2022-05-18,4.64,1.4,30.96,2.89,1.0494
2022-05-19,4.64,1.4,29.35,2.84,1.0587
2022-05-20,4.64,1.4,29.43,2.78,1.0559
2022-05-23,4.64,1.4,28.48,2.86,1.0668
2022-05-24,4.64,1.4,29.45,2.76,1.0744
2022-05-25,4.64,1.4,28.37,2.75,1.0658
2022-05-26,4.64,1.4,27.5,2.75,1.0725
2022-05-27,4.64,1.4,25.72,2.74,1.0709
2022-05-30,4.64,1.4,26.54,2.74,1.0709
2022-05-31,4.64,1.4,26.19,2.85,1.0731
2022-06-01,4.64,1.4,25.69,2.94,1.0646
2022-06-02,4.64,1.4,24.72,2.92,1.0733
2022-06-03,4.64,1.4,24.79,2.96,1.0721
2022-06-06,4.64,1.4,25.07,3.04,1.0699
2022-06-07,4.64,1.4,24.02,2.98,1.0697
2022-06-08,4.64,1.4,23.96,3.03,1.074
2022-06-09,4.64,1.4,26.09,3.04,1.0656
2022-06-10,4.64,1.4,27.75,3.15,1.0521
2022-06-13,4.64,1.4,34.02,3.43,1.0436
2022-06-14,4.64,1.4,32.69,3.49,1.0416
2022-06-15,4.64,1.4,29.62,3.33,1.0388
2022-06-16,4.64,1.4,32.95,3.28,1.0531
2022-06-17,4.64,1.4,31.13,3.25,1.0473
2022-06-20,4.64,1.4,31.03,3.25,1.0473
2022-06-21,4.64,1.4,30.19,3.31,1.0548
2022-06-22,4.64,1.4,28.95,3.16,1.0583
2022-06-23,4.64,1.4,29.05,3.09,1.0503
2022-06-24,4.64,1.4,27.23,3.13,1.0539
2022-06-27,4.64,1.4,26.95,3.2,1.0601
2022-06-28,4.64,1.4,28.36,3.2,1.0534
2022-06-29,4.64,1.4,28.16,3.1,1.0477
2022-06-30,4.64,1.4,28.71,2.98,1.0469
2022-07-01,4.64,1.4,26.7,2.88,1.0409
2022-07-04,4.64,1.4,27.53,2.88,1.0409
2022-07-05,4.64,1.4,27.54,2.82,1.0254
2022-07-06,4.64,1.4,26.73,2.93,1.0173
2022-07-07,4.64,1.4,26.08,3.01,1.0159
2022-07-08,4.64,1.4,24.64,3.09,1.0178
2022-07-11,4.64,1.4,26.17,2.99,1.0088
2022-07-12,4.64,1.4,27.29,2.96,1.0069
2022-07-13,4.64,1.4,26.82,2.91,1.0081
2022-07-14,4.64,1.4,26.4,2.96,1.0028
2022-07-15,4.64,1.4,24.23,2.93,1.0089
2022-07-18,4.64,1.4,25.3,2.96,1.016
2022-07-19,4.64,1.4,24.5,3.01,1.0238
2022-07-20,4.64,1.4,23.88,3.04,1.0217
2022-07-21,4.64,1.4,23.11,2.91,1.0197
2022-07-22,4.64,1.4,23.03,2.77,1.0225
2022-07-25,4.64,1.4,23.36,2.81,1.0211
2022-07-26,4.64,1.4,24.69,2.81,1.0116
2022-07-27,4.64,1.4,23.24,2.78,1.0108
2022-07-28,4.64,1.4,22.33,2.68,1.0163
2022-07-29,4.64,1.4,21.33,2.67,1.0202
2022-08-01,4.64,1.4,22.84,2.6,1.027
2022-08-02,4.64,1.4,23.93,2.75,1.0194
2022-08-03,4.64,1.4,21.95,2.73,1.0146
2022-08-04,4.64,1.4,21.44,2.68,1.0221
2022-08-05,4.64,1.4,21.15,2.83,1.017
2022-08-08,4.64,1.4,21.29,2.77,1.0207
2022-08-09,4.64,1.4,21.77,2.8,1.0226
2022-08-10,4.64,1.4,19.74,2.78,1.0337
2022-08-11,4.64,1.4,20.2,2.87,1.0338
2022-08-12,4.64,1.4,19.53,2.84,1.0257
2022-08-15,4.64,1.4,19.95,2.79,1.0186
2022-08-16,4.64,1.4,19.69,2.82,1.0174
2022-08-17,4.64,1.4,19.9,2.89,1.0164
2022-08-18,4.64,1.4,19.56,2.88,1.0114
2022-08-19,4.64,1.4,20.6,2.98,1.0039
2022-08-22,4.64,1.4,23.8,3.03,0.9936
2022-08-23,4.64,1.4,24.11,3.05,0.9976
2022-08-24,4.64,1.4,22.82,3.11,0.9967
2022-08-25,4.64,1.4,21.78,3.03,0.9959
2022-08-26,4.64,1.4,25.56,3.04,0.9998
2022-08-29,4.64,1.4,26.21,3.12,1.0
2022-08-30,4.64,1.4,26.21,3.11,1.0018
2022-08-31,4.64,1.4,25.87,3.15,1.0065
2022-09-01,4.64,1.4,25.56,3.26,0.995
2022-09-02,4.64,1.4,25.47,3.2,1.003
2022-09-05,4.64,1.4,25.99,3.2,1.003
2022-09-06,4.64,1.4,26.91,3.33,0.9914
2022-09-07,4.64,1.4,24.64,3.27,0.9942
2022-09-08,4.64,1.4,23.61,3.29,0.9956
2022-09-09,4.64,1.4,22.79,3.33,1.0046
2022-09-12,4.64,1.4,23.87,3.37,1.0129
2022-09-13,4.64,1.4,27.27,3.42,0.9997
2022-09-14,4.64,1.4,26.16,3.41,0.9993
2022-09-15,4.64,1.4,26.27,3.45,0.9991
2022-09-16,4.64,1.4,26.3,3.45,1.0013
2022-09-19,4.64,1.4,25.76,3.49,1.0003
2022-09-20,4.64,1.4,27.16,3.57,0.9994
2022-09-21,4.64,1.4,27.99,3.51,0.988
2022-09-22,4.64,1.4,27.35,3.7,0.9841
2022-09-23,4.64,1.4,29.92,3.69,0.9719
2022-09-26,4.64,1.4,32.26,3.88,0.9623
2022-09-27,4.64,1.4,32.6,3.97,0.9616
2022-09-28,4.64,1.4,30.18,3.72,0.9681
2022-09-29,4.64,1.4,31.84,3.76,0.9774
2022-09-30,4.64,1.4,31.62,3.83,0.9783
2022-10-03,4.64,1.4,30.1,3.67,0.9809
2022-10-04,4.64,1.4,29.07,3.62,0.9977
2022-10-05,4.64,1.4,28.55,3.76,0.9866
2022-10-06,4.64,1.4,30.52,3.83,0.9806
2022-10-07,4.64,1.4,31.36,3.89,0.9785
2022-10-10,4.64,1.4,32.45,3.89,0.9785
2022-10-11,4.64,1.4,33.63,3.93,0.9757
2022-10-12,4.64,1.4,33.57,3.91,0.9692
2022-10-13,4.64,1.4,31.94,3.97,0.978
2022-10-14,4.64,1.4,32.02,4.0,0.9739
2022-10-17,4.64,1.4,31.37,4.02,0.9843
2022-10-18,4.64,1.4,30.5,4.01,0.9842
2022-10-19,4.64,1.4,30.76,4.14,0.978
2022-10-20,4.64,1.4,29.98,4.24,0.9823
2022-10-21,4.64,1.4,29.69,4.21,0.9855
2022-10-24,4.64,1.4,29.85,4.25,0.9874
2022-10-25,4.64,1.4,28.46,4.1,0.9959
2022-10-26,4.64,1.4,27.28,4.04,1.0068
2022-10-27,4.64,1.4,27.39,3.96,0.9985
2022-10-28,4.64,1.4,25.75,4.02,0.9934
2022-10-31,4.64,1.4,25.88,4.1,0.9885
2022-11-01,4.64,1.4,25.81,4.07,0.9871
2022-11-02,4.64,1.4,25.86,4.1,0.9875
2022-11-03,4.64,1.4,25.3,4.14,0.9759
2022-11-04,4.64,1.4,24.55,4.17,0.9895
2022-11-07,4.64,1.4,24.35,4.22,0.9997
2022-11-08,4.64,1.4,25.54,4.14,1.0089
2022-11-09,4.64,1.4,26.09,4.12,1.0037
2022-11-10,4.64,1.4,23.53,3.82,1.0176
2022-11-11,4.64,1.4,22.52,3.82,1.0176
2022-11-14,4.64,1.4,23.73,3.88,1.0337
2022-11-15,4.64,1.4,24.54,3.8,1.0372
2022-11-16,4.64,1.4,24.11,3.67,1.0395
2022-11-17,4.64,1.4,23.93,3.77,1.0341
2022-11-18,4.64,1.4,23.12,3.82,1.0349
2022-11-21,4.64,1.4,22.36,3.83,1.0238
2022-11-22,4.64,1.4,21.29,3.76,1.0276
2022-11-23,4.64,1.4,20.35,3.71,1.0364
2022-11-24,4.64,1.4,20.42,3.71,1.0364
2022-11-25,4.64,1.4,20.5,3.68,1.0402
2022-11-28,4.64,1.4,22.21,3.69,1.0386
2022-11-29,4.64,1.4,21.89,3.75,1.0356
2022-11-30,4.64,1.4,20.58,3.68,1.0323
2022-12-01,4.64,1.4,19.84,3.53,1.0498
2022-12-02,4.64,1.4,19.06,3.51,1.0521
2022-12-05,4.64,1.4,20.75,3.6,1.0494
2022-12-06,4.64,1.4,22.17,3.51,1.0497
2022-12-07,4.64,1.4,22.68,3.42,1.0505
2022-12-08,4.64,1.4,22.29,3.48,1.0552
2022-12-09,4.64,1.4,22.83,3.57,1.055
2022-12-12,4.64,1.4,25.0,3.61,1.0545
2022-12-13,4.64,1.4,22.55,3.51,1.063
2022-12-14,4.64,1.4,21.14,3.49,1.0655
2022-12-15,4.64,1.4,22.83,3.44,1.0638
2022-12-16,4.64,1.4,22.62,3.48,1.061
2022-12-19,4.64,1.4,22.42,3.57,1.0624
2022-12-20,4.64,1.4,21.48,3.69,1.0635
2022-12-21,4.64,1.4,20.07,3.68,1.0599
2022-12-22,4.64,1.4,21.97,3.67,1.0588
2022-12-23,4.64,1.4,20.87,3.75,1.0621
2022-12-26,4.64,1.4,20.87,3.75,1.0621
2022-12-27,4.64,1.4,21.65,3.84,1.0654
2022-12-28,4.64,1.4,22.14,3.88,1.0622
2022-12-29,4.64,1.4,21.44,3.83,1.0668
2022-12-30,4.64,1.4,21.67,3.88,1.0698
2023-01-02,4.64,1.4,21.67,3.88,1.0698
2023-01-03,4.64,1.4,22.9,3.79,1.0559
2023-01-04,4.64,1.4,22.01,3.69,1.062
2023-01-05,4.64,1.4,22.46,3.71,1.0522
2023-01-06,4.64,1.4,21.13,3.55,1.0619
2023-01-09,4.64,1.4,21.97,3.53,1.0759
2023-01-10,4.64,1.4,20.58,3.61,1.0737
2023-01-11,4.64,1.4,21.09,3.54,1.074
2023-01-12,4.64,1.4,18.83,3.43,1.0823
2023-01-13,4.64,1.4,18.35,3.49,1.0811
2023-01-16,4.64,1.4,19.49,3.49,1.0811
2023-01-17,4.64,1.4,19.36,3.53,1.0793
2023-01-18,4.64,1.4,20.34,3.37,1.0827
2023-01-19,4.64,1.4,20.52,3.39,1.081
2023-01-20,4.64,1.4,19.85,3.48,1.0831
2023-01-23,4.64,1.4,19.81,3.52,1.0865
2023-01-24,4.64,1.4,19.2,3.46,1.0873
2023-01-25,4.64,1.4,19.08,3.46,1.0901
2023-01-26,4.64,1.4,18.73,3.49,1.0866
2023-01-27,4.64,1.4,18.51,3.52,1.0857
2023-01-30,4.64,1.4,19.94,3.55,1.0867
2023-01-31,4.64,1.4,19.4,3.52,1.0858
2023-02-01,4.64,1.4,17.87,3.39,1.0917
2023-02-02,4.64,1.4,18.73,3.4,1.0918
2023-02-03,4.64,1.4,18.33,3.53,1.0825
2023-02-06,4.64,1.4,19.43,3.63,1.0722
2023-02-07,4.64,1.4,18.66,3.67,1.0705
2023-02-08,4.64,1.4,19.63,3.63,1.0734
2023-02-09,4.64,1.4,20.71,3.67,1.0761
2023-02-10,4.64,1.4,20.53,3.74,1.067
2023-02-13,4.64,1.4,20.34,3.72,1.0718
2023-02-14,4.64,1.4,18.91,3.77,1.0722
2023-02-15,4.64,1.4,18.23,3.81,1.0683
2023-02-16,4.64,1.4,20.17,3.86,1.0684
2023-02-17,4.64,1.4,20.02,3.82,1.0678
2023-02-20,4.64,1.4,21.23,3.82,1.0678
2023-02-21,4.64,1.4,22.87,3.95,1.0657
2023-02-22,4.64,1.4,22.29,3.93,1.0623
2023-02-23,4.64,1.4,21.14,3.88,1.0583
2023-02-24,4.64,1.4,21.67,3.95,1.0545
2023-02-27,4.64,1.4,20.95,3.92,1.0596
2023-02-28,4.64,1.4,20.7,3.92,1.0602
2023-03-01,4.64,1.4,20.58,4.01,1.0674
2023-03-02,4.64,1.4,19.59,4.08,1.0595
2023-03-03,4.64,1.4,18.49,3.97,1.0616
2023-03-06,4.64,1.4,18.61,3.98,1.0694
2023-03-07,4.64,1.4,19.59,3.97,1.0573
2023-03-08,4.64,1.4,19.11,3.98,1.0549
2023-03-09,4.64,1.4,22.61,3.93,1.0577
2023-03-10,4.64,1.4,24.8,3.7,1.0659
2023-03-13,4.64,1.4,26.52,3.55,1.0733
2023-03-14,4.64,1.4,23.73,3.64,1.0722
2023-03-15,4.64,1.4,26.14,3.51,1.0535
2023-03-16,4.64,1.4,22.99,3.56,1.0622
2023-03-17,4.64,1.4,25.51,3.39,1.0647
2023-03-20,4.64,1.4,24.15,3.47,1.0722
2023-03-21,4.64,1.4,21.38,3.59,1.0769
2023-03-22,4.64,1.4,22.26,3.48,1.0792
2023-03-23,4.64,1.4,22.61,3.38,1.089
2023-03-24,4.64,1.4,21.74,3.38,1.0762
2023-03-27,4.64,1.4,20.6,3.53,1.0789
2023-03-28,4.64,1.4,19.97,3.55,1.0844
2023-03-29,4.64,1.4,19.12,3.57,1.0826
2023-03-30,4.64,1.4,19.02,3.55,1.0899
2023-03-31,4.64,1.4,18.7,3.48,1.0872
2023-04-03,4.64,1.4,18.55,3.43,1.0891
2023-04-04,4.64,1.4,19.0,3.35,1.0951
2023-04-05,4.64,1.4,19.08,3.3,1.0918
2023-04-06,4.64,1.4,18.4,3.3,1.0927
2023-04-07,4.64,1.4,18.4,3.39,1.0913
2023-04-10,4.64,1.4,18.97,3.41,1.084
2023-04-11,4.64,1.4,19.1,3.43,1.0906
2023-04-12,4.64,1.4,19.09,3.41,1.0987
2023-04-13,4.64,1.4,17.8,3.45,1.1054
2023-04-14,4.64,1.4,17.07,3.52,1.098
2023-04-17,4.64,1.4,16.95,3.6,1.0915
2023-04-18,4.64,1.4,16.83,3.58,1.0958
2023-04-19,4.64,1.4,16.46,3.6,1.0953
2023-04-20,4.64,1.4,17.17,3.54,1.097
2023-04-21,4.64,1.4,16.77,3.57,1.0973
2023-04-24,4.64,1.4,16.89,3.52,1.1027
2023-04-25,4.64,1.4,18.76,3.4,1.0968
2023-04-26,4.64,1.4,18.84,3.43,1.1052
2023-04-27,4.64,1.4,17.03,3.53,1.1017
2023-04-28,4.64,1.4,15.78,3.44,1.104
2023-05-01,4.64,1.4,16.08,3.59,1.097
2023-05-02,4.64,1.4,17.78,3.44,1.0997
2023-05-03,4.64,1.4,18.34,3.38,1.1049
2023-05-04,4.64,1.4,20.09,3.37,1.1009
2023-05-05,4.64,1.4,17.19,3.44,1.1026
2023-05-08,4.64,1.4,16.98,3.52,1.102
2023-05-09,4.64,1.4,17.71,3.53,1.0953
2023-05-10,4.64,1.4,16.94,3.43,1.0966
2023-05-11,4.64,1.4,16.93,3.39,1.0916
2023-05-12,4.64,1.4,17.03,3.46,1.0856
2023-05-15,4.64,1.4,17.12,3.5,1.0874
2023-05-16,4.64,1.4,17.99,3.54,1.0866
2023-05-17,4.64,1.4,16.87,3.57,1.083
2023-05-18,4.64,1.4,16.05,3.65,1.0776
2023-05-19,4.64,1.4,16.81,3.7,1.0819
2023-05-22,4.64,1.4,17.21,3.72,1.0806
2023-05-23,4.64,1.4,18.53,3.7,1.0771
2023-05-24,4.64,1.4,20.03,3.73,1.0758
2023-05-25,4.64,1.4,19.14,3.83,1.0725
2023-05-26,4.64,1.4,17.95,3.8,1.0713
2023-05-29,4.64,1.4,17.46,3.8,1.0713
2023-05-30,4.64,1.4,17.46,3.69,1.0722
2023-05-31,4.83,1.42,17.94,3.64,1.0654
2023-06-01,4.81,1.42,15.65,3.61,1.0752
2023-06-02,4.69,1.39,14.6,3.69,1.0724
2023-06-05,4.6,1.39,14.73,3.69,1.0721
2023-06-06,4.57,1.39,13.96,3.7,1.0695
2023-06-07,4.48,1.39,13.94,3.79,1.0702
2023-06-08,4.49,1.4,13.65,3.73,1.078
2023-06-09,4.47,1.4,13.83,3.75,1.0749
2023-06-12,4.46,1.41,15.01,3.73,1.0747
2023-06-13,4.39,1.39,14.61,3.84,1.0792
2023-06-14,4.33,1.38,13.88,3.83,1.0859
2023-06-15,4.3,1.37,14.5,3.72,1.0933
2023-06-16,4.28,1.35,13.54,3.77,1.0925
2023-06-19,4.25,1.35,14.19,3.77,1.0925
2023-06-20,4.35,1.35,13.88,3.74,1.09
2023-06-21,4.38,1.35,13.2,3.72,1.0951
2023-06-22,4.38,1.34,12.91,3.8,1.0953
2023-06-23,4.49,1.35,13.44,3.74,1.0887
2023-06-26,4.54,1.36,14.25,3.72,1.091
2023-06-27,4.47,1.34,13.74,3.77,1.0961
2023-06-28,4.5,1.34,13.43,3.71,1.0904
2023-06-29,4.42,1.31,13.54,3.85,1.0881
2023-06-30,4.46,1.3,13.59,3.81,1.092
2023-07-03,4.38,1.29,13.57,3.86,1.0919
2023-07-04,4.38,1.29,13.7,3.86,1.0919
2023-07-05,4.4,1.28,14.18,3.95,1.0868
2023-07-06,4.37,1.29,15.44,4.05,1.0873
2023-07-07,4.43,1.28,14.83,4.06,1.0964
2023-07-10,4.44,1.29,15.07,4.01,1.0991
2023-07-11,4.41,1.28,14.84,3.99,1.0992
2023-07-12,4.38,1.27,13.54,3.86,1.1123
2023-07-13,4.34,1.27,13.61,3.76,1.1194
2023-07-14,4.31,1.28,13.34,3.83,1.1237
2023-07-17,4.38,1.29,13.48,3.81,1.1236
2023-07-18,4.45,1.28,13.3,3.8,1.1223
2023-07-19,4.4,1.28,13.76,3.75,1.1195
2023-07-20,4.35,1.27,13.99,3.85,1.1135
2023-07-21,4.38,1.26,13.6,3.84,1.112
2023-07-24,4.41,1.25,13.91,3.86,1.1083
2023-07-25,4.39,1.24,13.86,3.91,1.105
2023-07-26,4.34,1.23,13.19,3.86,1.1078
2023-07-27,4.3,1.2,14.41,4.01,1.0998
2023-07-28,4.3,1.19,13.33,3.96,1.1039
2023-07-31,4.38,1.19,13.63,3.97,1.102
2023-08-01,4.32,1.19,13.93,4.05,1.0971
2023-08-02,4.4,1.21,16.09,4.08,1.0939
2023-08-03,4.43,1.22,15.92,4.2,1.0947
2023-08-04,4.44,1.22,17.1,4.05,1.1036
2023-08-07,4.44,1.22,15.77,4.09,1.1
2023-08-08,4.54,1.23,15.99,4.02,1.0951
2023-08-09,4.48,1.23,15.96,4.0,1.0975
2023-08-10,4.44,1.22,15.85,4.09,1.1016
2023-08-11,4.39,1.22,14.84,4.16,1.0957
2023-08-14,4.38,1.22,14.82,4.19,1.0922
2023-08-15,4.38,1.23,16.46,4.21,1.0928
2023-08-16,4.42,1.25,16.78,4.28,1.0904
2023-08-17,4.46,1.26,17.89,4.3,1.0874
2023-08-18,4.53,1.27,17.3,4.26,1.0875
2023-08-21,4.49,1.26,17.13,4.34,1.0888
2023-08-22,4.5,1.25,16.97,4.34,1.0846
2023-08-23,4.59,1.25,15.98,4.19,1.0862
2023-08-24,4.56,1.23,17.2,4.23,1.0826
2023-08-25,4.52,1.23,15.68,4.25,1.0787
2023-08-28,4.51,1.22,15.08,4.2,1.081
2023-08-29,4.48,1.22,14.45,4.12,1.0851
2023-08-30,4.47,1.22,13.88,4.12,1.0926
2023-08-31,4.5,1.22,13.57,4.09,1.0839
2023-09-01,4.47,1.22,13.09,4.18,1.0787
2023-09-04,4.41,1.22,13.82,4.18,1.0787
2023-09-05,4.39,1.22,14.01,4.27,1.0727
2023-09-06,4.35,1.23,14.45,4.3,1.0714
2023-09-07,4.35,1.23,14.4,4.27,1.0704
2023-09-08,4.36,1.23,13.84,4.26,1.0709
2023-09-11,4.3,1.23,13.8,4.29,1.0744
2023-09-12,4.28,1.23,14.23,4.27,1.0726
2023-09-13,4.24,1.24,13.48,4.25,1.0737
2023-09-14,4.23,1.23,12.82,4.29,1.066
2023-09-15,4.15,1.22,13.79,4.33,1.0673
2023-09-18,4.12,1.22,14.0,4.32,1.0695
2023-09-19,4.1,1.21,14.11,4.37,1.0684
2023-09-20,4.12,1.2,15.14,4.35,1.0715
2023-09-21,4.18,1.2,17.54,4.49,1.0664
2023-09-22,4.21,1.2,17.2,4.44,1.066
2023-09-25,4.24,1.19,16.9,4.55,1.0591
2023-09-26,4.31,1.2,18.94,4.56,1.0573
2023-09-27,4.33,1.21,18.22,4.61,1.051
2023-09-28,4.32,1.23,17.34,4.59,1.0578
2023-09-29,4.45,1.25,17.52,4.59,1.0584
2023-10-02,4.42,1.26,17.61,4.69,1.05
2023-10-03,4.5,1.28,19.78,4.81,1.0453
2023-10-04,4.63,1.29,18.58,4.73,1.0518
2023-10-05,4.69,1.29,18.49,4.72,1.0527
2023-10-06,4.74,1.29,17.45,4.78,1.0596
2023-10-09,4.86,1.29,17.7,4.78,1.0596
2023-10-10,4.77,1.29,17.03,4.66,1.0618
2023-10-11,4.69,1.27,16.09,4.58,1.062
2023-10-12,4.62,1.26,16.69,4.7,1.0553
2023-10-13,4.68,1.27,19.32,4.63,1.0502
2023-10-16,4.69,1.27,17.21,4.71,1.0546
2023-10-17,4.66,1.27,17.88,4.83,1.0593
2023-10-18,4.71,1.29,19.22,4.91,1.0532
2023-10-19,4.81,1.31,21.4,4.98,1.057
2023-10-20,4.93,1.33,21.71,4.93,1.0592
2023-10-23,4.93,1.33,20.37,4.86,1.0646
2023-10-24,4.83,1.31,18.97,4.83,1.0595
2023-10-25,4.8,1.3,20.19,4.95,1.0583
2023-10-26,4.89,1.3,20.68,4.86,1.0532
2023-10-27,4.9,1.31,21.27,4.84,1.0592
2023-10-30,4.88,1.32,19.75,4.88,1.062
2023-10-31,4.83,1.32,18.14,4.88,1.0568
2023-11-01,4.82,1.33,16.87,4.77,1.0538
2023-11-02,4.67,1.29,15.66,4.67,1.0618
2023-11-03,4.65,1.29,14.91,4.57,1.0733
2023-11-06,4.58,1.28,14.89,4.67,1.0747
2023-11-07,4.61,1.29,14.81,4.58,1.0687
2023-11-08,4.58,1.28,14.45,4.49,1.0715
2023-11-09,4.55,1.27,15.29,4.62,1.071
2023-11-10,4.54,1.26,14.17,4.61,1.071
2023-11-13,4.5,1.25,14.76,4.63,1.07
2023-11-14,4.48,1.23,14.16,4.44,1.0861
2023-11-15,4.4,1.22,14.18,4.53,1.0853
2023-11-16,4.47,1.21,14.32,4.45,1.0851
2023-11-17,4.44,1.2,13.8,4.44,1.0879
2023-11-20,4.4,1.18,13.41,4.42,1.0945
2023-11-21,4.41,1.17,13.35,4.41,1.0923
2023-11-22,4.36,1.15,12.85,4.42,1.0871
2023-11-23,4.3,1.15,12.8,4.42,1.0871
2023-11-24,4.27,1.14,12.46,4.47,1.0934
2023-11-27,4.32,1.14,12.69,4.39,1.0937
2023-11-28,4.38,1.14,12.69,4.34,1.1007
2023-11-29,4.32,1.11,12.98,4.27,1.0969
2023-11-30,4.32,1.11,12.92,4.37,1.0908
2023-12-01,4.35,1.11,12.63,4.22,1.0878
2023-12-04,4.31,1.1,13.08,4.28,1.0824
2023-12-05,4.32,1.11,12.85,4.18,1.0787
2023-12-06,4.29,1.12,12.97,4.12,1.079
2023-12-07,4.28,1.11,13.06,4.14,1.0794
2023-12-08,4.2,1.1,12.35,4.23,1.0746
2023-12-11,4.19,1.1,12.63,4.23,1.0747
2023-12-12,4.17,1.09,12.07,4.2,1.079
2023-12-13,4.17,1.08,12.19,4.04,1.0793
2023-12-14,3.97,1.04,12.48,3.92,1.0997
2023-12-15,3.95,1.04,12.28,3.91,1.0906
2023-12-18,3.93,1.05,12.56,3.95,1.092
2023-12-19,3.94,1.05,12.53,3.93,1.0977
2023-12-20,3.94,1.06,13.67,3.86,1.0957
2023-12-21,3.94,1.07,13.65,3.89,1.099
2023-12-22,3.96,1.07,13.03,3.9,1.1008
2023-12-25,3.96,1.07,13.03,3.9,1.1008
2023-12-26,3.97,1.06,12.99,3.89,1.1035
2023-12-27,3.99,1.05,12.43,3.79,1.1114
2023-12-28,4.0,1.04,12.47,3.84,1.1073
2023-12-29,3.96,1.04,12.45,3.88,1.1062
2024-01-01,3.96,1.04,12.45,3.88,1.1062
2024-01-02,3.92,1.06,13.2,3.95,1.0957
2024-01-03,4.08,1.09,14.04,3.91,1.0909
2024-01-04,4.04,1.09,14.13,3.99,1.0957
2024-01-05,4.08,1.09,13.35,4.05,1.0957
2024-01-08,4.07,1.08,13.08,4.01,1.0976
2024-01-09,4.0,1.06,12.76,4.02,1.0935
2024-01-10,3.84,1.04,12.69,4.04,1.096
2024-01-11,3.78,1.03,12.44,3.98,1.0943
2024-01-12,3.84,1.02,12.7,3.96,1.0959
2024-01-15,3.81,1.02,13.25,3.96,1.0959
2024-01-16,3.88,1.02,13.84,4.07,1.0882
2024-01-17,3.88,1.02,14.79,4.1,1.0858
2024-01-18,3.83,1.01,14.13,4.14,1.0863
2024-01-19,3.77,1.01,13.3,4.15,1.0887
2024-01-22,3.76,1.01,13.19,4.11,1.0895
2024-01-23,3.73,1.01,12.55,4.14,1.0829
2024-01-24,3.69,0.99,13.14,4.18,1.0901
2024-01-25,3.75,0.98,13.45,4.14,1.0837
2024-01-26,3.7,0.97,13.26,4.15,1.0866
2024-01-29,3.74,0.98,13.6,4.08,1.0807
2024-01-30,3.7,1.0,13.31,4.06,1.0844
2024-01-31,3.85,1.02,14.35,3.99,1.0855
2024-02-01,3.89,1.04,13.88,3.87,1.0865
2024-02-02,3.75,1.02,13.85,4.03,1.0787
2024-02-05,3.74,1.0,13.67,4.17,1.0736
2024-02-06,3.77,1.0,13.06,4.09,1.0751
2024-02-07,3.77,1.0,12.83,4.09,1.0769
2024-02-08,3.71,0.99,12.79,4.15,1.0774
2024-02-09,3.66,1.0,12.93,4.17,1.0782
2024-02-12,3.64,1.0,13.93,4.17,1.0774
2024-02-13,3.63,0.99,15.85,4.31,1.072
2024-02-14,3.63,0.98,14.38,4.27,1.0735
2024-02-15,3.59,0.97,14.01,4.24,1.0761
2024-02-16,3.52,0.96,14.24,4.3,1.0769
2024-02-19,3.52,0.96,14.71,4.3,1.0769
2024-02-20,3.54,0.96,15.42,4.27,1.0814
2024-02-21,3.49,0.94,15.34,4.32,1.0818
2024-02-22,3.43,0.93,14.54,4.33,1.0815
2024-02-23,3.43,0.95,13.75,4.26,1.0828
2024-02-26,3.37,0.96,13.74,4.28,1.0855
2024-02-27,3.41,0.96,13.43,4.31,1.0857
2024-02-28,3.44,0.98,13.84,4.27,1.0843
2024-02-29,3.46,1.0,13.4,4.25,1.0807
2024-03-01,3.46,1.01,13.11,4.19,1.0832
2024-03-04,3.44,1.0,13.49,4.22,1.0862
2024-03-05,3.5,1.01,14.46,4.13,1.0861
2024-03-06,3.49,1.01,14.5,4.11,1.0913
2024-03-07,3.49,1.0,14.44,4.09,1.0941
2024-03-08,3.49,0.99,14.74,4.09,1.0941
2024-03-11,3.45,0.98,15.22,4.1,1.0928
2024-03-12,3.38,0.97,13.84,4.16,1.0918
2024-03-13,3.32,0.95,13.75,4.19,1.0944
2024-03-14,3.32,0.94,14.4,4.29,1.0888
2024-03-15,3.32,0.93,14.41,4.31,1.0888
2024-03-18,3.32,0.92,14.33,4.34,1.0886
2024-03-19,3.35,0.92,13.82,4.3,1.0859
2024-03-20,3.39,0.92,13.04,4.27,1.0856
2024-03-21,3.44,0.91,12.92,4.27,1.0861
2024-03-22,3.52,0.92,13.06,4.22,1.0817
2024-03-25,3.47,0.92,13.19,4.25,1.0837
2024-03-26,3.47,0.93,13.24,4.24,1.0829
2024-03-27,3.53,0.94,12.78,4.2,1.0821
2024-03-28,3.52,0.93,13.01,4.2,1.0801
2024-03-29,3.58,0.94,13.01,4.2,1.0791
2024-04-01,3.58,0.93,13.65,4.33,1.0733
2024-04-02,3.58,0.93,14.61,4.36,1.0769
2024-04-03,3.59,0.92,14.33,4.36,1.0827
2024-04-04,3.56,0.92,16.35,4.31,1.0865
2024-04-05,3.57,0.92,16.03,4.39,1.0841
2024-04-08,3.53,0.91,15.19,4.42,1.0853
2024-04-09,3.57,0.91,14.98,4.36,1.0856
2024-04-10,3.52,0.89,15.8,4.55,1.0737
2024-04-11,3.56,0.89,14.91,4.56,1.0722
2024-04-12,3.68,0.92,17.31,4.5,1.0647
2024-04-15,3.65,0.92,19.23,4.63,1.0644
2024-04-16,3.77,0.95,18.4,4.67,1.0628
2024-04-17,3.73,0.95,18.21,4.59,1.0644
2024-04-18,3.68,0.94,18.0,4.64,1.066
2024-04-19,3.66,0.94,18.71,4.62,1.0655
2024-04-22,3.65,0.93,16.94,4.62,1.0655
2024-04-23,3.59,0.92,15.69,4.61,1.0695
2024-04-24,3.55,0.92,15.97,4.65,1.0687
2024-04-25,3.57,0.92,15.37,4.7,1.0721
2024-04-26,3.57,0.9,15.03,4.67,1.0686
2024-04-29,3.58,0.9,14.67,4.63,1.0717
2024-04-30,3.5,0.91,15.65,4.69,1.0684
2024-05-01,3.5,0.91,15.39,4.63,1.068
2024-05-02,3.51,0.9,14.68,4.58,1.0706
2024-05-03,3.53,0.89,13.49,4.5,1.077
2024-05-06,3.55,0.88,13.49,4.49,1.0779
2024-05-07,3.49,0.88,13.23,4.47,1.0767
2024-05-08,3.44,0.89,13.0,4.48,1.0755
2024-05-09,3.41,0.89,12.69,4.45,1.0771
2024-05-10,3.39,0.89,12.55,4.5,1.0773
2024-05-13,3.41,0.9,13.6,4.48,1.0796
2024-05-14,3.39,0.9,13.42,4.45,1.0818
2024-05-15,3.43,0.9,12.45,4.36,1.086
2024-05-16,3.37,0.89,12.42,4.38,1.0875
2024-05-17,3.31,0.89,11.99,4.42,1.0869
2024-05-20,3.29,0.88,12.15,4.44,1.0861
2024-05-21,3.3,0.89,11.86,4.41,1.0855
2024-05-22,3.28,0.89,12.29,4.43,1.0836
2024-05-23,3.21,0.89,12.77,4.47,1.0827
2024-05-24,3.24,0.89,11.93,4.46,1.0852
2024-05-27,3.29,0.89,12.36,4.46,1.0852
2024-05-28,3.24,0.88,12.92,4.54,1.0879
2024-05-29,3.23,0.88,14.28,4.61,1.0811
2024-05-30,3.25,0.88,14.47,4.55,1.0837
2024-05-31,3.29,0.88,12.92,4.51,1.0846
2024-06-03,3.21,0.88,13.11,4.41,1.089
2024-06-04,3.24,0.9,13.16,4.33,1.0878
2024-06-05,3.24,0.91,12.63,4.29,1.0865
2024-06-06,3.18,0.92,12.58,4.28,1.0883
2024-06-07,3.13,0.9,12.22,4.43,1.0807
2024-06-10,3.17,0.9,12.74,4.47,1.0751
2024-06-11,3.25,0.91,12.85,4.39,1.0733
2024-06-12,3.27,0.9,12.04,4.31,1.0843
2024-06-13,3.32,0.92,11.94,4.24,1.0756
2024-06-14,3.55,0.95,12.66,4.2,1.0699
2024-06-17,3.55,0.95,12.75,4.28,1.0723
2024-06-18,3.5,0.96,12.3,4.22,1.0739
2024-06-19,3.47,0.96,12.48,4.22,1.0739
2024-06-20,3.45,0.96,13.28,4.25,1.0708
2024-06-21,3.49,0.96,13.2,4.25,1.0694
2024-06-24,3.48,0.96,13.33,4.25,1.0727
2024-06-25,3.48,0.96,12.84,4.23,1.0705
2024-06-26,3.46,0.97,12.55,4.32,1.0682
2024-06-27,3.49,0.96,12.24,4.29,1.0708
2024-06-28,3.53,0.96,12.44,4.36,1.0711
2024-07-01,3.39,0.94,12.22,4.48,1.0728
2024-07-02,3.4,0.93,12.03,4.43,1.0737
2024-07-03,3.38,0.93,12.09,4.36,1.0799
2024-07-04,3.33,0.93,12.26,4.36,1.0799
2024-07-05,3.36,0.92,12.48,4.28,1.0828
2024-07-08,3.34,0.92,12.37,4.28,1.0835
2024-07-09,3.32,0.92,12.51,4.3,1.0813
2024-07-10,3.34,0.92,12.85,4.28,1.0823
2024-07-11,3.39,0.93,12.92,4.2,1.087
2024-07-12,3.36,0.92,12.46,4.18,1.0902
2024-07-15,3.37,0.92,13.12,4.23,1.0912
2024-07-16,3.4,0.92,13.19,4.17,1.0885
2024-07-17,3.4,0.93,14.48,4.16,1.0933
2024-07-18,3.41,0.93,15.93,4.2,1.0913
2024-07-19,3.39,0.93,16.52,4.25,1.0888
2024-07-22,3.34,0.93,14.91,4.26,1.088
2024-07-23,3.36,0.93,14.72,4.25,1.0855
2024-07-24,3.39,0.96,18.04,4.28,1.0853
2024-07-25,3.46,0.95,18.46,4.27,1.0861
2024-07-26,3.47,0.95,16.39,4.2,1.0859
2024-07-29,3.47,0.95,16.6,4.17,1.0819
2024-07-30,3.47,0.96,17.69,4.15,1.0809
2024-07-31,3.56,0.97,16.36,4.09,1.0823
2024-08-01,3.6,1.0,18.59,3.99,1.0789
2024-08-02,3.79,1.06,23.39,3.8,1.0914
2024-08-05,4.02,1.12,38.57,3.78,1.0957
2024-08-06,3.93,1.08,27.71,3.9,1.0926
2024-08-07,3.78,1.07,27.85,3.96,1.0925
2024-08-08,3.79,1.05,23.79,3.99,1.0914
2024-08-09,3.79,1.05,20.37,3.94,1.0925
2024-08-12,3.75,1.05,20.71,3.9,1.0928
2024-08-13,3.78,1.04,18.12,3.85,1.0954
2024-08-14,3.74,1.02,16.19,3.83,1.1024
2024-08-15,3.63,0.98,15.23,3.92,1.0986
2024-08-16,3.59,0.98,14.8,3.89,1.0996
2024-08-19,3.57,0.97,14.65,3.86,1.107
2024-08-20,3.6,0.98,15.88,3.82,1.1106
2024-08-21,3.62,0.98,16.27,3.79,1.1143
2024-08-22,3.58,0.97,17.55,3.86,1.1114
2024-08-23,3.59,0.96,15.86,3.81,1.1176
2024-08-26,3.61,0.96,16.15,3.82,1.1164
2024-08-27,3.53,0.96,15.43,3.83,1.116
2024-08-28,3.52,0.96,17.11,3.84,1.1127
2024-08-29,3.5,0.96,15.65,3.87,1.1086
2024-08-30,3.43,0.96,15.0,3.91,1.106
2024-09-02,3.39,0.96,15.55,3.91,1.106
2024-09-03,3.44,0.98,20.72,3.84,1.1043
2024-09-04,3.55,0.99,21.32,3.77,1.1081
2024-09-05,3.54,0.99,19.9,3.73,1.1096
2024-09-06,3.59,0.99,22.38,3.72,1.1086
2024-09-09,3.59,0.99,19.45,3.7,1.1042
2024-09-10,3.61,1.01,19.08,3.65,1.1025
2024-09-11,3.73,1.01,17.69,3.65,1.1012
2024-09-12,3.61,0.99,17.07,3.68,1.1041
2024-09-13,3.59,0.99,16.56,3.66,1.1085
2024-09-16,3.59,0.98,17.14,3.63,1.1123
2024-09-17,3.54,0.97,17.61,3.65,1.1118
2024-09-18,3.5,0.95,18.23,3.7,1.1116
2024-09-19,3.44,0.93,16.33,3.73,1.1147
2024-09-20,3.42,0.93,16.15,3.73,1.1159
2024-09-23,3.48,0.92,15.89,3.75,1.113
2024-09-24,3.5,0.92,15.39,3.74,1.115
2024-09-25,3.47,0.92,15.41,3.79,1.1143
2024-09-26,3.47,0.92,15.37,3.79,1.1184
2024-09-27,3.47,0.92,16.96,3.75,1.1159
2024-09-30,3.42,0.92,16.73,3.81,1.1145
2024-10-01,3.45,0.92,19.26,3.74,1.1067
2024-10-02,3.43,0.91,18.9,3.79,1.105
2024-10-03,3.42,0.9,20.49,3.85,1.1015
2024-10-04,3.33,0.87,19.21,3.98,1.0961
2024-10-07,3.31,0.86,22.64,4.03,1.0976
2024-10-08,3.33,0.87,21.42,4.04,1.097
2024-10-09,3.32,0.85,20.86,4.06,1.0951
2024-10-10,3.32,0.84,20.93,4.09,1.0925
2024-10-11,3.29,0.84,20.46,4.08,1.0942
2024-10-14,3.24,0.84,19.7,4.08,1.0942
2024-10-15,3.27,0.83,20.64,4.03,1.0899
2024-10-16,3.3,0.83,19.58,4.02,1.0873
2024-10-17,3.25,0.83,19.11,4.09,1.0837
2024-10-18,3.27,0.83,18.03,4.08,1.0854
2024-10-21,3.2,0.85,18.37,4.19,1.082
2024-10-22,3.23,0.85,18.2,4.2,1.0805
2024-10-23,3.25,0.86,19.24,4.24,1.0779
2024-10-24,3.28,0.86,19.08,4.21,1.0806
2024-10-25,3.24,0.85,20.33,4.25,1.0813
2024-10-28,3.24,0.84,19.8,4.28,1.0819
2024-10-29,3.19,0.84,19.34,4.28,1.0798
2024-10-30,3.12,0.84,20.35,4.29,1.0864
2024-10-31,3.17,0.86,23.16,4.28,1.0855
2024-11-01,3.19,0.86,21.88,4.37,1.0848
2024-11-04,3.19,0.86,21.98,4.31,1.0884
2024-11-05,3.18,0.84,20.49,4.26,1.092
2024-11-06,3.19,0.8,16.27,4.42,1.0732
2024-11-07,3.2,0.78,15.2,4.31,1.0792
2024-11-08,3.21,0.77,14.94,4.3,1.071
2024-11-11,3.23,0.77,14.97,4.3,1.071
2024-11-12,3.23,0.77,14.71,4.43,1.0598
2024-11-13,3.2,0.78,14.02,4.44,1.0567
2024-11-14,3.19,0.8,14.31,4.43,1.0562
2024-11-15,3.18,0.8,16.14,4.43,1.0552
2024-11-18,3.17,0.8,15.58,4.42,1.0586
2024-11-19,3.21,0.8,16.35,4.39,1.0578
2024-11-20,3.2,0.81,17.16,4.41,1.0521
2024-11-21,3.25,0.81,16.87,4.43,1.0475
2024-11-22,3.33,0.8,15.24,4.41,1.0399
2024-11-25,3.33,0.8,14.6,4.27,1.0478
2024-11-26,3.33,0.81,14.1,4.3,1.0481
2024-11-27,3.35,0.82,14.1,4.25,1.0575
2024-11-28,3.39,0.82,13.9,4.25,1.0575
2024-11-29,3.31,0.83,13.51,4.18,1.0547
2024-12-02,3.32,0.81,13.34,4.19,1.0484
2024-12-03,3.25,0.8,13.3,4.23,1.0518
2024-12-04,3.18,0.8,13.45,4.19,1.0527
2024-12-05,3.09,0.81,13.54,4.17,1.0571
2024-12-06,3.06,0.81,12.77,4.15,1.0563
2024-12-09,3.04,0.81,14.19,4.2,1.057
2024-12-10,3.05,0.8,14.18,4.22,1.0512
2024-12-11,3.05,0.78,13.58,4.26,1.0508
2024-12-12,3.01,0.79,13.92,4.32,1.0514
2024-12-13,2.98,0.78,13.81,4.4,1.0498
2024-12-16,2.99,0.78,14.69,4.39,1.0512
2024-12-17,3.02,0.79,15.87,4.4,1.0506
2024-12-18,3.03,0.79,27.62,4.5,1.0469
2024-12-19,3.07,0.82,24.09,4.57,1.0357
2024-12-20,3.11,0.82,18.36,4.52,1.043
2024-12-23,3.1,0.82,16.78,4.59,1.0409
2024-12-24,3.1,0.82,14.27,4.59,1.0388
2024-12-25,3.1,0.82,14.27,4.59,1.0388
2024-12-26,3.1,0.81,14.73,4.58,1.0423
2024-12-27,3.08,0.81,15.95,4.62,1.0423
2024-12-30,3.09,0.82,17.4,4.55,1.0386
2024-12-31,3.11,0.82,17.35,4.58,1.0351
